"rt","tic"
0.473,0.725240006502854
0.807,0.713947818545576
1.14,0.745774039346578
1.474,0.779466990406102
1.807,0.768970457968848
2.141,0.781027699310766
2.474,0.743081051432647
2.808,0.73437474391545
3.141,0.790912189040309
3.475,0.7457281361435
3.808,0.720710890465789
4.142,0.766705899950315
4.475,0.730274057773782
4.808,0.734971485555469
5.142,0.722592921792002
5.475,0.717008032084133
5.809,0.748069199500497
6.142,0.727948295484478
6.476,0.741979374558767
6.809,0.737312548912466
7.143,0.752246390980629
7.476,0.721751363068898
7.81,0.739485300524842
8.143,0.744427545389613
8.477,0.70124793236056
8.81,0.779115065849168
9.144,0.738857956749437
9.477,0.73382390547851
9.811,0.736134366700121
10.145,0.717558870521074
10.479,0.759866322691638
10.812,0.751251821580597
11.146,0.738949763155594
11.479,0.752736025146798
11.813,0.741520342527983
12.146,0.729264187306058
12.479,0.715661538127168
12.813,0.731253326106121
13.146,0.753577583869901
13.479,0.756331776054603
13.813,0.729616111862992
14.146,0.746615598069682
14.48,0.734696066336999
14.813,0.732370304047695
15.147,0.743432975989582
15.48,0.766308072190302
15.814,0.751175316242133
16.147,0.760202946180879
16.481,0.758718742614679
16.814,0.74666150127276
17.148,0.766017351904139
17.481,0.715554430653318
17.814,0.75220048777755
18.148,0.722516416453538
18.481,0.71693152674567
18.815,0.758688140479293
19.148,0.7767127982214
19.482,0.730503573789174
19.815,0.745054889165017
20.15,0.727122037829068
20.484,0.695494730908071
20.817,0.740709385940265
21.151,0.771648144815086
21.484,0.720909804345795
21.818,0.70892906834234
22.151,0.727703478401394
22.485,0.727779983739858
22.818,0.735155098367782
23.152,0.714085528154811
23.485,0.725836748142873
23.819,0.664800789116334
24.152,0.722118588693525
24.485,0.738230612974033
24.819,0.746998124762002
25.152,0.739041569561751
25.486,0.848566612106741
25.819,0.887599635791048
26.153,0.963554135818057
26.486,1.02120855888449
26.819,0.989565950895799
27.153,1.07669023033855
27.486,1.10724646252105
27.82,1.11044438566884
28.153,1.10723116145335
28.487,1.04772530919609
28.82,0.996420829222169
29.153,1.0014395794254
29.487,0.965849295971975
29.82,0.940434222534251
30.155,0.939868083029618
30.489,0.886084830089462
30.822,0.854840049860785
31.156,0.873231933227518
31.489,0.891057677089618
31.823,0.892342966775813
32.156,0.859843498996327
32.49,0.871349901901305
32.823,0.882121853557029
33.157,0.893291632972766
33.49,0.848750224919054
33.823,0.897927856483681
34.157,0.855237877620797
34.49,0.83901874586644
34.824,0.8172453265396
35.157,0.917788642348922
35.491,0.844343517423531
35.824,0.886115432224847
36.157,0.836402263290973
36.491,0.862811906128728
36.824,0.87982669340311
37.157,0.875542394449129
37.491,0.845338086823562
37.824,0.809885512979368
38.158,0.78691861037249
38.491,0.811400318680954
38.825,0.754204927645306
39.158,0.788081491517142
39.492,0.76486977182718
39.825,0.761013902768597
40.16,0.783016838110829
40.493,0.779222173323017
40.827,0.829730997776917
41.16,0.840747766515725
41.494,0.844267012085067
41.827,0.866178141021142
42.161,0.829011847595355
42.494,0.875113964553731
42.828,0.821805044712051
43.161,0.841757636983449
43.494,0.854687039183857
43.828,0.813420059616402
44.161,0.797537551351287
44.495,0.779268076526095
44.828,0.802081968456045
45.162,0.814276919407199
45.495,0.776513884341393
45.829,0.761947267897857
46.162,0.729998638555312
46.496,0.825370193484471
46.829,0.805570611890001
47.163,0.803413161345318
47.496,0.790820382634152
47.829,0.750593875669807
48.163,0.750808090617506
48.496,0.739454698389456
48.829,0.7537917988176
49.163,0.800092829655982
49.496,0.764242428051776
49.83,0.769567199608867
50.165,0.756974420897701
50.498,0.784317428864716
50.832,0.789810512166428
51.165,0.773438369735142
51.499,0.767654566147268
51.832,0.754143723374535
52.166,0.729417197982986
52.499,0.723510985853569
52.833,0.79536479973891
53.166,0.749905327623632
53.5,0.775687626685983
53.833,0.72367929759819
54.167,0.741902869220303
54.5,0.719685718930372
54.834,0.730855498346108
55.167,0.744014416561908
55.501,0.761365827325531
55.834,0.720160052028848
56.167,0.743019847161876
56.501,0.786627890086327
56.834,0.764701460082559
57.168,0.716640806459506
57.501,0.742178288438773
57.835,0.715263710367155
58.168,0.762911235162503
58.502,0.74057167633103
58.835,0.748773048614365
59.169,0.739653612269462
59.502,0.709617616388516
59.835,0.768113598178052
60.17,0.736394484850898
60.504,0.743631889869588
60.837,0.765894943362597
61.171,0.709296293966967
61.504,0.75877994688545
61.837,0.732875239281557
62.171,0.741382632918748
62.504,0.723143760228942
62.838,0.756209367513061
63.171,0.76064667714397
63.505,0.748130403771268
63.838,0.734313539644679
64.172,0.74479477101424
64.505,0.738337720447883
64.839,0.719502106118058
65.172,0.752460605928328
65.505,0.757968990297732
65.839,0.739607709066384
66.172,0.719165482628817
66.506,0.746523791663525
66.839,0.737190140370923
67.173,0.764288331254854
67.506,0.734971485555469
67.84,0.708837261936184
68.173,0.785587417483218
68.506,0.778747840224541
68.84,0.732645723266165
69.173,0.741030708361814
69.507,0.73673110834014
69.84,0.745743437211193
70.175,0.758871753291607
70.509,0.759468494931625
70.842,0.71803320361955
71.176,0.734894980217005
71.509,0.728866359546046
71.842,0.74386140588498
72.176,0.743723696275745
72.509,0.730641283398409
72.843,0.728499133921419
73.176,0.717008032084133
73.51,0.750211348977488
73.843,0.736470990189362
74.177,0.747304146115857
74.51,0.71457516232098
74.844,0.708974971545419
75.177,0.768970457968848
75.511,0.749216779577456
75.844,0.804683149963819
76.178,0.742851535417256
76.511,0.705991263345325
76.845,0.712861442739387
77.178,0.743830803749594
77.512,0.736654603001676
77.845,0.715676839194861
78.178,0.728958165952202
78.512,0.743387072786503
78.845,0.715600333856397
79.179,0.769169371848854
79.512,0.703543092514478
79.846,0.743509481328046
80.181,0.764395438728704
80.514,0.746248372445055
80.848,0.722669427130466
81.181,0.708072208551544
81.515,0.748849553952829
81.848,0.744090921900372
82.182,0.706542101782265
82.515,0.745651630805036
82.849,0.744626459269619
83.182,0.723495684785876
83.516,0.728468531786033
83.849,0.763507976802522
84.182,0.715906355210253
84.515,0.759789817353174
84.849,0.755750335482277
85.183,0.720909804345795
85.516,0.734527754592378
85.849,0.741352030783362
86.183,0.684891090996968
86.516,0.743448277057274
86.85,0.762161482845556
87.183,0.759927526962409
87.517,0.745299706248102
87.85,0.750517370331343
88.183,0.724321942441287
88.517,0.733701496936967
88.851,0.735354012247789
89.184,0.738750849275588
89.517,0.760937397430133
89.851,0.728698047801425
90.184,0.759422591728547
90.519,0.720955707548873
90.853,0.726280479105964
91.186,0.747441855725092
91.52,0.69186837786488
91.853,0.730274057773782
92.186,0.728024800822942
92.52,0.741489740392597
92.853,0.712448313911682
93.187,0.709173885425425
93.52,0.720481374450397
93.854,0.711759765865506
94.187,0.726540597256742
94.52,0.724000620019738
94.854,0.762773525553268
95.187,0.733885109749281
95.521,0.759820419488559
95.854,0.702196598557513
96.188,0.711331335970108
96.521,0.724184232832052
96.854,0.715768645601017
97.188,0.739194580238679
97.521,0.713305173702478
97.855,0.718905364478039
98.188,0.751695552543688
98.522,0.713213367296322
98.855,0.71485058153945
99.189,0.72817781149987
99.522,0.71918078369651
99.856,0.717650676927231
100.189,0.748665941140516
100.523,0.752460605928328
100.858,0.737603269198629
101.191,0.760432462196271
101.525,0.729631412930685
101.858,0.742086482032616
102.192,0.721812567339669
102.525,0.735109195164704
102.859,0.703038157280616
103.192,0.747824382417412
103.526,0.743601287734202
103.859,0.669085088070316
104.192,0.757800678553111
104.526,0.714513958050209
104.859,0.690261765757137
105.193,0.765206395316422
105.526,0.718629945259569
105.86,0.738781451410973
106.193,0.740694084872572
106.527,0.710030745216221
106.86,0.706159575089945
107.194,0.740403364586409
107.527,0.726066264158265
107.86,0.727229145302917
108.194,0.776177260852152
108.527,0.720466073382704
108.861,0.751343627986754
109.194,0.724383146712058
109.528,0.729692617201456
109.861,0.693979925206485
110.195,0.711316034902416
110.528,0.704078629883726
110.863,0.735231603706246
111.196,0.696290386428096
111.53,0.720083546690384
111.863,0.703619597852942
112.197,0.722516416453538
112.53,0.736975925423224
112.864,0.709602315320823
113.197,0.734481851389299
113.531,0.719945837081149
113.864,0.74863533900513
114.198,0.703206469025237
114.531,0.721200524631958
114.864,0.715202506096384
115.198,0.656614717900692
115.531,0.739668913337155
115.865,0.710642787923933
116.198,0.713626496124027
116.531,0.707001133813049
116.865,0.766920114898014
117.198,0.697514471843519
117.532,0.710199056960842
117.865,0.701921179339043
118.199,0.724245437102823
118.532,0.77265801528281
118.865,0.718874762342654
119.199,0.749522800931312
119.532,0.692679334452598
119.866,0.720420170179626
120.199,0.718063805754936
120.533,0.705348618502228
120.868,0.727535166656773
121.201,0.759346086390083
121.535,0.744458147524999
121.868,0.737786882010942
122.202,0.707398961573061
122.535,0.72433724350898
122.869,0.722715330333544
123.202,0.73465016313392
123.536,0.726555898324434
123.869,0.689007078206328
124.203,0.722807136739701
124.536,0.697514471843519
124.869,0.723281469838177
125.203,0.748482328328202
125.536,0.707383660505369
125.869,0.689205992086334
126.203,0.713580592920949
126.536,0.736991226490917
126.87,0.697162547286585
127.203,0.704032726680648
127.536,0.667616185571808
127.87,0.738245914041726
128.203,0.707215348760748
128.537,0.666560411901005
128.87,0.761044504903983
129.203,0.756178765377676
129.537,0.710979411413174
129.87,0.729799724675306
130.203,0.734282937509293
130.537,0.677699589181356
130.87,0.711576153053193
131.205,0.711025314616253
131.538,0.709005573680804
131.872,0.713565291853256
132.205,0.721720760933513
132.539,0.690873808464848
132.872,0.715386118908698
133.206,0.711882174407049
133.54,0.710826400736246
133.873,0.694821483929588
134.206,0.69823362202508
134.54,0.695081602080366
134.873,0.728223714702948
135.207,0.708209918160779
135.54,0.716946827813362
135.874,0.710887605007018
136.207,0.732752830740014
136.541,0.747197038642008
136.874,0.680759802719914
137.207,0.761549440137845
137.541,0.680775103787607
137.874,0.714376248440974
138.208,0.672543129368886
138.541,0.689527314507883
138.875,0.730580079127638
139.208,0.717344655573375
139.542,0.704109232019112
139.875,0.720037643487306
140.208,0.701890577203657
140.541,0.727030231422911
140.875,0.728529736056804
141.208,0.700773599262083
141.543,0.69121043195409
141.876,0.697254353692742
142.209,0.684783983523118
142.542,0.687828895993983
142.876,0.699121083951262
143.209,0.723556889056648
143.542,0.705624037720698
143.876,0.717818988671851
144.209,0.7003145672313
144.542,0.688165519483225
144.876,0.724092426425895
145.209,0.731788863475369
145.542,0.703634898920635
145.875,0.682182802015344
146.208,0.722302201505839
146.542,0.736975925423224
146.875,0.698478439108165
147.208,0.693138366483381
147.541,0.727841188010629
147.875,0.719685718930372
148.208,0.735858947481651
148.541,0.711530249850115
148.874,0.71616647336103
149.208,0.740280956044867
149.541,0.695188709554215
149.874,0.725393017179782
150.207,0.721766664136591
150.541,0.705578134517619
150.874,0.705516930246848
151.207,0.698095912415845
151.542,0.713014453416315
151.876,0.71101001354856
152.209,0.714835280471757
152.542,0.696963633406579
152.875,0.722761233536622
153.208,0.691271636224861
153.542,0.706817521000735
153.875,0.721338234241193
154.208,0.697468568640441
154.542,0.737327849980158
154.875,0.726096866293651
155.208,0.688333831227845
155.542,0.70387971600372
155.875,0.715309613570234
156.208,0.701829372932886
156.542,0.700880706735933
156.875,0.690016948674052
157.208,0.698141815618924
157.542,0.698386632702008
157.875,0.734833775946234
158.208,0.690384174298679
158.542,0.70903617581619
158.875,0.678571750039845
159.208,0.733380174515419
159.541,0.68144835076609
159.875,0.67750067530135
160.208,0.705103801419143
160.541,0.706358488969952
160.875,0.697652181452754
161.208,0.732599820063086
161.542,0.709663519591594
161.876,0.696810622729651
162.209,0.687293358624736
162.542,0.687109745812422
162.876,0.707475466911525
163.209,0.702625028452911
163.542,0.703206469025237
163.875,0.712631926723996
164.208,0.728300220041412
164.542,0.716028763751795
164.875,0.696473999240409
165.208,0.671181334344228
165.542,0.72170545986582
165.875,0.720802696871945
166.208,0.698983374342027
166.541,0.687140347947808
166.875,0.676613213375168
167.208,0.690246464689444
167.541,0.683131468212297
167.874,0.702058888948278
168.208,0.667524379165651
168.541,0.707934498942309
168.874,0.712280002167061
169.208,0.690430077501757
169.541,0.708301724566936
169.874,0.703160565822159
170.207,0.729172380899901
170.541,0.706450295376108
170.874,0.718431031379563
171.207,0.723113158093557
171.541,0.702961651942152
171.875,0.702472017775983
172.208,0.730396466315325
172.542,0.693291377160309
172.875,0.719930536013456
173.208,0.708684251259256
173.541,0.716212376564108
173.875,0.718476934582641
174.208,0.727688177333701
174.541,0.671334345021156
174.875,0.679688727981419
175.208,0.672512527233501
175.541,0.673706010513538
175.875,0.679918243996811
176.208,0.716656107527199
176.541,0.723893512545889
176.875,0.725836748142873
177.208,0.707123542354591
177.542,0.716533698985657
177.875,0.646378303614215
178.208,0.681402447563011
178.541,0.703359479702165
178.875,0.693597398514165
179.208,0.670844710854986
179.541,0.711346637037801
179.875,0.71803320361955
180.208,0.712647227791688
180.542,0.774279928458246
180.875,0.693628000649551
181.209,0.724826877675149
181.542,0.692924151535682
181.878,0.683865919461551
182.211,0.679673426913726
182.544,0.701416244105181
182.878,0.65347799902367
183.211,0.736394484850898
183.545,0.692128496015657
183.878,0.754082519103763
184.212,0.716044064819488
184.545,0.697988804941996
184.879,0.720267159502698
185.212,0.718844160207268
185.546,0.72038956804424
185.879,0.776651593950628
186.212,0.76130462305476
186.546,0.755735034414585
186.879,0.78609235271708
187.212,0.774478842338252
187.546,0.829822804183073
187.879,0.813802586308722
188.212,0.819188562136584
188.545,0.849377568694459
188.879,0.819586389896597
189.212,0.836983703863299
189.546,0.905425379653148
189.879,0.800184636062139
190.213,0.85497775947002
190.546,0.876307447833769
190.88,0.814093306594885
191.213,0.804805558505362
191.547,0.822248775675142
191.88,0.817857369247312
192.215,0.795043477317362
192.548,0.794217219661951
192.882,0.755888045091513
193.215,0.789994124978741
193.548,0.812899823314848
193.882,0.804254720068421
194.215,0.774065713510547
194.549,0.739898429352547
194.882,0.708408832040786
195.216,0.760723182482434
195.549,0.764747363285638
195.883,0.741413235054133
196.216,0.76262051487634
196.549,0.72104751395503
196.883,0.71589105414256
197.216,0.751052907700591
197.55,0.723847609342811
197.883,0.729294789441444
198.216,0.734221733238522
198.55,0.733364873447726
198.883,0.724321942441287
199.217,0.711744464797814
199.55,0.751879165356002
199.884,0.761518838002459
200.217,0.738903859952516
200.55,0.754740465014553
200.884,0.73146754105382
201.217,0.722026782287368
201.551,0.733028249958484
201.884,0.704629468320666
202.218,0.698952772206641
202.553,0.75444974472839
202.886,0.715722742397939
203.22,0.711224228496259
203.553,0.71709983849029
203.886,0.704308145899118
204.22,0.716594903256428
204.553,0.737266645709387
204.887,0.72225629830276
205.22,0.748344618718967
205.553,0.71616647336103
205.887,0.721475943850428
206.22,0.735231603706246
206.554,0.706771617797657
206.887,0.711101819954717
207.221,0.726724210069055
207.554,0.696473999240409
207.888,0.697545073978905
208.221,0.701171427022096
208.554,0.720986309684259
208.888,0.724673866998221
209.221,0.721797266271977
209.555,0.691439947969482
209.888,0.731773562407676
210.222,0.707551972249989
210.555,0.705057898216065
210.888,0.707230649828441
211.222,0.733808604410817
211.555,0.672497226165808
211.889,0.669972549996497
212.222,0.735568227195488
212.557,0.726005059887494
212.89,0.712019884016284
213.223,0.729004069155281
213.557,0.702869845535996
213.89,0.705057898216065
214.223,0.739959633623318
214.557,0.670416280959588
214.89,0.704445855508353
215.223,0.723771104004347
215.557,0.683988328003093
215.89,0.700268664028221
216.224,0.721996180151983
216.557,0.716044064819488
216.89,0.654992804725256
217.224,0.688685755784779
217.557,0.695632440517306
217.891,0.664617176304021
218.224,0.655543643162196
218.557,0.730350563112246
218.891,0.720267159502698
219.224,0.689527314507883
219.557,0.715600333856397
219.891,0.68528891875698
220.224,0.680484383501444
220.557,0.708546541650021
220.891,0.686620111646253
221.224,0.689756830523275
221.557,0.675618643975137
221.891,0.677332363556729
222.224,0.707674380791532
222.559,0.663117671670127
222.892,0.698310127363544
223.226,0.710857002871632
223.559,0.684049532273864
223.892,0.695173408486522
224.226,0.70294635087446
224.559,0.677347664624422
224.893,0.692097893880272
225.226,0.68210629667688
225.559,0.661602865968541
225.893,0.656645320036077
226.226,0.737587968130936
226.559,0.682136898812265
226.893,0.72104751395503
227.226,0.710887605007018
227.559,0.710811099668554
227.893,0.702211899625206
228.226,0.677653685978278
228.56,0.699243492492804
228.893,0.677975008399826
229.227,0.704858984336058
229.56,0.671227237547306
229.893,0.649606828897394
230.227,0.691531754375638
230.56,0.716656107527199
230.894,0.695907859735776
231.227,0.730075143893776
231.56,0.72976912253992
231.894,0.670523388433438
232.227,0.69082790526177
232.56,0.708531240582328
232.895,0.669115690205701
233.228,0.673048064602748
233.562,0.686589509510867
233.895,0.675129009808968
234.229,0.701324437699024
234.562,0.696229182157325
234.895,0.657532781962259
235.228,0.683100866076911
235.562,0.657655190503802
235.895,0.70190587827135
236.228,0.705715844126855
236.562,0.687905401332447
236.895,0.670324474553432
237.229,0.697193149421971
237.562,0.641420757681751
237.896,0.670431582027281
238.229,0.670492786298052
238.563,0.679642824778341
238.896,0.671242538614999
239.229,0.725790844939795
239.563,0.675572740772059
239.896,0.6790919863414
240.23,0.707506069046911
240.563,0.694270645492648
240.897,0.70678691886535
241.23,0.697483869708134
241.564,0.643409896481814
241.897,0.683911822664629
242.231,0.681968587067645
242.564,0.708118111754623
242.899,0.68847154083708
243.232,0.662826951383965
243.566,0.672084097338102
243.899,0.679428609830642
244.232,0.70799570321308
244.566,0.705715844126855
244.899,0.667340766353338
245.233,0.663377789820905
245.566,0.674103838273551
245.9,0.693168968618767
246.233,0.666177885208685
246.566,0.710703992194704
246.9,0.662719843910115
247.233,0.711499647714729
247.566,0.694347150831112
247.9,0.655008105792949
248.233,0.698111213483538
248.566,0.671563861036548
248.9,0.651657171968228
249.233,0.66998785106419
249.566,0.697437966505055
249.9,0.702517920979061
250.233,0.675220816215124
250.567,0.669406410491864
250.9,0.677102847541337
251.234,0.697789891061989
251.567,0.682504124436892
251.901,0.696290386428096
252.234,0.704216339492961
252.567,0.674624074575106
252.902,0.661664070239313
253.236,0.670508087365745
253.569,0.679076685273707
253.903,0.665627046771745
254.236,0.700406373637457
254.57,0.689389604898648
254.903,0.662719843910115
255.236,0.676536708036704
255.57,0.663301284482441
255.903,0.722286900438146
256.237,0.655941470922209
256.57,0.678250427618297
256.904,0.701125523819018
257.237,0.689557916643268
257.571,0.681433049698397
257.904,0.658772168445375
258.238,0.713029754484008
258.571,0.66219960760856
258.904,0.70931159503466
259.238,0.67130374288577
259.571,0.662949359925507
259.905,0.706098370819174
260.238,0.652345720014403
260.572,0.689726228387889
260.905,0.667585583436422
261.239,0.682886651129212
261.572,0.693413785701852
261.905,0.698524342311243
262.239,0.689466110237112
262.572,0.701339738766717
262.907,0.662398521488566
263.241,0.686788423390873
263.574,0.676919234729024
263.907,0.717314053437989
264.241,0.733028249958484
264.574,0.703328877566779
264.908,0.673155172076598
265.241,0.684692177116961
265.575,0.664341757085551
265.908,0.683636403446159
266.242,0.685365424095444
266.575,0.680667996313758
266.909,0.69834072949893
267.242,0.698187718822002
267.576,0.68660481057856
267.909,0.736501592324748
268.243,0.776865808898327
268.576,0.87082966559975
268.91,1.01022239228107
269.243,1.05522283236556
269.576,1.13263093382338
269.91,1.23080258414032
270.243,1.23101679908802
270.577,1.28610064278207
270.91,1.26988151102771
271.243,1.24302813722686
271.577,1.21121721749355
271.91,1.1890459704067
272.244,1.18558792910813
272.577,1.14041917727901
272.912,1.06164928079653
273.246,1.04587388000527
273.579,1.01201261720112
273.913,0.928529991869261
274.246,0.988540779360383
274.58,0.896214136902089
274.913,0.866071033547292
275.247,0.838192488211029
275.58,0.844022195001982
275.914,0.841497518832672
276.247,0.830037019130772
276.581,0.786214761258622
276.914,0.831811942983136
277.247,0.76552771773797
277.581,0.772887531298202
277.914,0.705180306757607
278.248,0.738567236463274
278.581,0.770225145519657
278.915,0.752628917672948
279.248,0.704767177929902
279.582,0.742805632214177
279.915,0.713488786514792
280.248,0.729340692644522
280.582,0.681754372119946
280.915,0.695249913824986
281.249,0.68199918920303
281.582,0.684829886726196
281.916,0.695066301012673
282.249,0.659460716491551
282.583,0.695999666141933
282.918,0.721751363068898
283.251,0.653018966992886
283.585,0.724291340305901
283.918,0.686589509510867
284.251,0.689175389950949
284.585,0.72554602785671
284.918,0.669207496611858
285.252,0.666208487344071
285.585,0.687706487452441
285.918,0.670538689501131
286.252,0.692434517369513
286.585,0.677714890249049
286.919,0.656125083734523
287.252,0.657548083029952
287.586,0.697560375046598
287.919,0.69148585117256
288.252,0.664357058153244
288.586,0.693260775024924
288.919,0.660072759199262
289.253,0.661511059562385
289.586,0.665978971328679
289.92,0.690690195652535
290.253,0.693872817732635
290.587,0.674134440408936
290.92,0.678036212670598
291.254,0.676383697359776
291.587,0.671548559968855
291.921,0.644343261611074
292.254,0.673507096633532
292.588,0.672956258196591
292.921,0.678525846836767
293.256,0.665825960651751
293.59,0.688134917347839
293.923,0.697437966505055
294.257,0.711254830631645
294.59,0.672374817624265
294.923,0.662046596931632
295.257,0.675496235433594
295.59,0.674165042544322
295.924,0.676261288818234
296.257,0.645750959838811
296.591,0.668274131482598
296.924,0.670615194839595
297.258,0.691455249037174
297.591,0.735920151752422
297.925,0.713412281176328
298.258,0.710688691127011
298.592,0.706480897511494
298.925,0.677271159285958
299.259,0.671043624734993
299.592,0.711040615683945
299.926,0.702625028452911
300.259,0.714819979404064
300.593,0.692602829114134
300.926,0.650983924989745
301.259,0.675343224756667
301.593,0.663087069534742
301.926,0.703925619206798
302.26,0.645659153432654
302.593,0.66428055281478
302.927,0.663637907971682
303.262,0.664341757085551
303.595,0.667677389842579
303.929,0.652667042435952
304.262,0.698753858326635
304.595,0.681769673187638
304.929,0.650800312177432
305.262,0.65271294563903
305.596,0.656186288005294
305.929,0.672298312285802
306.263,0.686972036203187
306.596,0.693383183566466
306.929,0.634657685761538
307.263,0.677317062489037
307.596,0.674287451085864
307.93,0.69757567611429
308.263,0.676888632593638
308.597,0.689588518778654
308.93,0.645980475854203
309.264,0.673185774211983
309.597,0.698478439108165
309.931,0.692924151535682
310.264,0.66258213430088
310.597,0.656446406156071
310.931,0.694637871117275
311.264,0.678128019076754
311.598,0.688440938701695
311.931,0.658404942820748
312.264,0.683942424800015
312.598,0.664617176304021
312.931,0.677179352879801
313.266,0.654212450272924
313.6,0.695969064006547
313.933,0.704843683268366
314.267,0.710642787923933
314.6,0.690307668960215
314.934,0.689160088883256
315.267,0.686099875344698
315.601,0.670049055334961
315.934,0.681096426209156
316.268,0.669498216898021
316.601,0.651810182645156
316.934,0.644848196844936
317.268,0.654105342799074
317.601,0.669192195544165
317.935,0.640655704297112
318.268,0.689665024117118
318.602,0.664035735731695
318.935,0.660256372011576
319.268,0.675480934365902
319.602,0.641757381170993
319.935,0.657058448863783
320.269,0.680912813396842
320.602,0.663836821851689
320.936,0.692434517369513
321.269,0.671441452495005
321.603,0.707643778656146
321.936,0.767715770418039
322.27,0.944642016149768
322.603,1.12926469893097
322.937,1.33806306866678
323.272,1.54964623272268
323.605,1.72981630480528
323.939,1.84685417158743
324.272,1.89286448213965
324.606,1.92420106877448
324.939,1.89538915830896
325.272,1.87115226708358
325.606,1.7594850750616
325.939,1.67145803262498
326.273,1.54672372879336
326.606,1.54470398785791
326.94,1.33383997398357
327.273,1.30002461438251
327.607,1.200934900004
327.94,1.13907268332205
328.274,1.11706974797982
328.607,1.06848885805521
328.94,0.985908995717223
329.274,0.965237253264264
329.607,0.90472153053928
329.941,0.901997940489963
330.274,0.853707770851518
330.608,0.84389978646044
330.941,0.836800091050985
331.275,0.800796678769851
331.608,0.751772057882152
331.942,0.736807613678604
332.275,0.7506091767375
332.609,0.760049935503951
332.942,0.741658052137218
333.277,0.689205992086334
333.611,0.730824896210723
333.944,0.731681756001519
334.278,0.701691663323651
334.611,0.677561879572121
334.944,0.721032212887337
335.278,0.690950313803312
335.611,0.67355299983661
335.945,0.663117671670127
336.278,0.6773935678275
336.612,0.66708064820256
336.945,0.665198616876347
337.278,0.681157630479927
337.612,0.675083106605889
337.945,0.679137889544479
338.279,0.659139394070002
338.612,0.678112718009062
338.945,0.707781488265381
339.279,0.662169005473175
339.612,0.668809668851845
339.946,0.665581143568667
340.279,0.681570759307632
340.613,0.63526972846925
340.947,0.650769710042046
341.28,0.627879312773632
341.614,0.651106333531287
341.947,0.649316108611231
342.281,0.668228228279519
342.614,0.641237144869438
342.948,0.659246501543852
343.283,0.637350673675469
343.616,0.647082152728084
343.95,0.650249473740491
344.283,0.651626569832842
344.617,0.672206505879645
344.95,0.649423216085081
345.283,0.653309687279049
345.617,0.655054008996027
345.95,0.674425160695099
346.284,0.630526397484485
346.617,0.658802770580761
346.951,0.641007628854046
347.284,0.608079731179162
347.618,0.680667996313758
347.951,0.655757858109896
348.285,0.629944956912159
348.618,0.656675922171463
348.952,0.660899016854673
349.285,0.65177958050977
349.619,0.647250464472704
349.952,0.657578685165338
350.286,0.602341830794366
350.619,0.6336784174292
350.953,0.656461707223764
351.286,0.634106847324598
351.62,0.641068833124817
351.953,0.667034744999482
352.286,0.669284001950322
352.62,0.625216926995087
352.953,0.62737437753977
353.288,0.622569842284234
353.622,0.643195681534115
353.955,0.64558264809419
354.289,0.63921740393399
354.622,0.628766774699814
354.956,0.644955304318786
355.289,0.618591564684109
355.623,0.656630018968385
355.956,0.663056467399356
356.289,0.622416831607306
356.623,0.640992327786353
356.956,0.647250464472704
357.29,0.619065897782585
357.623,0.668564851768761
357.957,0.660914317922366
358.29,0.625002712047388
358.623,0.611920299170053
358.957,0.62204960598268
359.29,0.616694232290203
359.624,0.66362260690399
359.958,0.64963743103278
360.291,0.630847719906034
360.624,0.640196672266328
360.958,0.613481008074717
361.291,0.638865479377056
361.625,0.626211496395118
361.958,0.649851645980479
362.291,0.645123616063407
362.625,0.622064907050372
362.958,0.631199644462968
363.292,0.616036286379413
363.627,0.637304770472391
363.96,0.647082152728084
364.294,0.657073749931475
364.627,0.603657722615946
364.96,0.641757381170993
365.294,0.611201148988492
365.627,0.631475063681438
365.961,0.606978054305282
366.294,0.636325502140052
366.627,0.624421271475062
366.961,0.649040689392761
367.294,0.625584152619714
367.628,0.632928665112253
367.961,0.614322566797821
368.295,0.632010601050686
368.628,0.638681866564742
368.962,0.653432095820592
369.295,0.617627597419463
369.629,0.649407915017388
369.962,0.640977026718661
370.296,0.607743107689921
370.629,0.602617250012836
370.962,0.633204084330723
371.296,0.633709019564585
371.629,0.63461178255846
371.963,0.651519462358993
372.296,0.644006638121833
372.63,0.632194213862999
372.963,0.627879312773632
373.297,0.680713899516836
373.632,0.612333427997758
373.965,0.629929655844466
374.299,0.649438517152773
374.632,0.648826474445062
374.966,0.71117832529318
375.299,0.784638751286265
375.633,0.892144052895806
375.966,0.993513626360539
376.3,1.11720745758905
376.633,1.27936817299724
376.967,1.37207734214785
377.3,1.36753292504309
377.633,1.44373224215319
377.967,1.4222801452479
378.3,1.39980287680719
378.634,1.33400828572819
378.967,1.27263570321241
379.301,1.26114460137513
379.634,1.17518320307703
379.968,1.13354899788495
380.301,1.04021248495893
380.635,1.06763199826441
380.968,0.998823096849937
381.302,0.904935745486979
381.635,0.873782771664459
381.969,0.773652584682842
382.302,0.859568079777857
382.636,0.816786294508816
382.969,0.777248335590647
383.303,0.752353498454478
383.638,0.75220048777755
383.971,0.687002638338573
384.305,0.723970017884353
384.638,0.679765233319883
384.972,0.690965614871005
385.305,0.692771140858754
385.638,0.684707478184654
385.972,0.657670491571494
386.305,0.66406633786708
386.639,0.666346196953306
386.972,0.673583601971996
387.306,0.649025388325068
387.639,0.663745015445532
387.973,0.648765270174291
388.306,0.640303779740178
388.639,0.650325979078955
388.973,0.67064579697498
389.306,0.659705533574635
389.639,0.636677426696987
389.973,0.630633504958335
390.306,0.655222320740648
390.639,0.692893549400297
390.973,0.68265713511382
391.306,0.678311631889068
391.64,0.676001170667457
391.973,0.652315117879018
392.307,0.654350159882159
392.64,0.663683811174761
392.974,0.651840784780541
393.307,0.659491318626936
393.642,0.645980475854203
393.976,0.654243052408309
394.309,0.663530800497833
394.642,0.644741089371087
394.976,0.693153667551074
395.309,0.61602098531172
395.643,0.639814145574009
395.976,0.624757894964303
396.31,0.626150292124347
396.643,0.636325502140052
396.977,0.621131541921112
397.31,0.660302275214654
397.644,0.623120680721175
397.977,0.65347799902367
398.311,0.626976549779758
398.644,0.6449247021834
398.978,0.604866506963676
399.311,0.613787029428573
399.645,0.616709533357896
399.978,0.647525883691175
400.312,0.619677940490297
400.645,0.61377172836088
400.978,0.607942021569927
401.312,0.619524929813369
401.645,0.604973614437526
401.979,0.616633028019432
402.312,0.618025425179476
402.646,0.612272223726987
402.979,0.612654750419307
403.313,0.603810733292874
403.648,0.620764316296485
403.981,0.623579712751958
404.315,0.65347799902367
404.648,0.628384248007494
404.982,0.600628111212774
405.315,0.588723880547783
405.649,0.603367002329783
405.982,0.597981026501921
406.316,0.645246024604949
406.649,0.619081198850278
406.983,0.597766811554222
407.316,0.635055513521551
407.65,0.592916373095608
407.983,0.602494841471294
408.316,0.599954864234291
408.65,0.622340326268843
408.983,0.615225329791695
409.317,0.605371442197539
409.65,0.603933141834416
409.984,0.638482952684736
410.317,0.619983961844153
410.651,0.599296918323501
410.984,0.623748024496579
411.317,0.607987924773006
411.651,0.641757381170993
411.984,0.628246538398259
412.318,0.616464716274811
412.651,0.628537258684422
412.985,0.633096976856874
413.318,0.613205588856247
413.653,0.576437123190473
413.986,0.623579712751958
414.32,0.606228301988335
414.653,0.638712468700128
414.987,0.623946938376585
415.32,0.630725311364491
415.654,0.622309724133457
415.987,0.636463211749288
416.32,0.603703625819024
416.654,0.59819524144962
416.987,0.579466734593645
417.321,0.643654713564899
417.654,0.614521480677827
417.988,0.612976072840855
418.321,0.607666602351457
418.655,0.619524929813369
418.988,0.629638935558303
419.322,0.606105893446792
419.655,0.592442039997131
419.989,0.611354159665419
420.322,0.615271232994774
420.656,0.556453928783689
420.989,0.576850252018178
421.323,0.605203130452918
421.656,0.602357131862059
421.989,0.602219422252824
422.323,0.651152236734366
422.656,0.579788057015194
422.99,0.606763839357582
423.323,0.624145852256592
423.658,0.618056027314861
423.992,0.602265325455902
424.325,0.595257436452604
424.659,0.59172288981557
424.992,0.616434114139426
425.326,0.593635523277169
425.659,0.615669060754786
425.993,0.634091546256905
426.326,0.604545184542128
426.659,0.629241107798291
426.993,0.606717936154504
427.326,0.647893109315802
427.66,0.588020031433915
427.993,0.615791469296328
428.327,0.615164125520924
428.66,0.587897622892372
428.993,0.62671643162898
429.327,0.587209074846197
429.66,0.609518031542285
429.994,0.59238083572636
430.327,0.591845298357112
430.661,0.61716856538868
430.994,0.604744098422134
431.328,0.624421271475062
431.661,0.580782626415225
431.995,0.627986420247482
432.328,0.619509628745676
432.662,0.584454882661495
432.995,0.582037313966034
433.329,0.581073346701388
433.662,0.608293946126861
433.997,0.605141926182147
434.331,0.599878358895827
434.664,0.635086115656937
434.998,0.604927711234448
435.331,0.580507207196755
435.664,0.558948002817614
435.998,0.585265839249213
436.331,0.625354636604322
436.664,0.60899779524073
436.998,0.598883789495796
437.331,0.591156750310937
437.665,0.598638972412711
437.998,0.58739268765851
438.331,0.583399108990692
438.665,0.597843316892686
438.998,0.566414923851696
439.332,0.609732246489984
439.665,0.618224339059482
439.999,0.598424757465012
440.332,0.584546689067652
440.666,0.581058045633695
440.999,0.632163611727614
441.333,0.5995111332712
441.666,0.599832455692749
442,0.572933178688824
442.333,0.625492346213557
442.667,0.627160162592071
443,0.60494301230214
443.334,0.629944956912159
443.667,0.563982054088542
444.001,0.581547679799865
444.336,0.608798881360723
444.669,0.622814659367319
445.003,0.554158768629771
445.336,0.572229329574956
445.67,0.584470183729188
446.003,0.579956368759815
446.337,0.607452387403758
446.67,0.58130286271678
447.004,0.571770297544172
447.337,0.583399108990692
447.671,0.606901548966818
448.004,0.587729311147752
448.337,0.577156273372034
448.671,0.59556345780646
449.004,0.616357608800962
449.338,0.585862580889231
449.671,0.582159722507576
450.005,0.591646384477106
450.338,0.598547166006554
450.672,0.578793487615163
451.005,0.592839867757144
451.339,0.588570869870855
451.672,0.588387257058542
452.006,0.600123175978912
452.339,0.617015554711752
452.672,0.603535314074404
453.006,0.576192306107388
453.339,0.576391219987395
453.673,0.591217954581708
454.006,0.603060980975927
454.341,0.596236704784943
454.675,0.568847793614849
455.008,0.563813742343921
455.342,0.581976109695263
455.675,0.572412942387269
456.009,0.587132569507733
456.342,0.582373937455275
456.676,0.582297432116811
457.009,0.591217954581708
457.343,0.575641467670448
457.676,0.61706145791483
458.01,0.612149815185444
458.343,0.586092096904623
458.676,0.577003262695106
459.01,0.570546212128749
459.343,0.601224852852792
459.677,0.573208597907294
460.01,0.585571860603068
460.344,0.596252005852636
460.677,0.563186398568517
461.01,0.600260885588147
461.344,0.59040699799399
461.677,0.58130286271678
462.011,0.58157828193525
462.344,0.578762885479777
462.677,0.612486438674686
463.011,0.592702158147908
463.344,0.591799395154034
463.678,0.560768829873056
464.011,0.581425271258322
464.346,0.583919345292247
464.679,0.570270792910279
465.013,0.562314237710028
465.346,0.607176968185288
465.68,0.604790001625213
466.013,0.587469192996974
466.347,0.589917363827821
466.68,0.562268334506949
467.014,0.559345830577627
467.347,0.591279158852479
467.681,0.563691333802379
468.014,0.547533406318793
468.348,0.56095244268537
468.681,0.597491392335752
469.015,0.584240667713796
469.348,0.575626166602755
469.682,0.583705130344548
470.015,0.618805779631808
470.348,0.55651513305446
470.682,0.566950461220943
471.015,0.601821594492811
471.349,0.553041790688197
471.682,0.592074814372504
472.016,0.596389715461871
472.349,0.594140458511031
472.683,0.558397164380674
473.016,0.557800422740655
473.35,0.572520049861119
473.683,0.585587161670761
474.017,0.590269288384755
474.352,0.557402594980642
474.685,0.584760904015351
475.018,0.600796422957394
475.352,0.578426261990536
475.685,0.56347711885468
476.019,0.58382753888609
476.352,0.563599527396222
476.686,0.595731769551081
477.019,0.596756941086498
477.353,0.58936652539088
477.686,0.58618390331078
478.02,0.568205148771752
478.353,0.621269251530347
478.687,0.584363076255338
479.02,0.571953910356485
479.354,0.577018563762799
479.687,0.578533369464385
480.021,0.587530397267746
480.354,0.575794478347376
480.688,0.581823099018335
481.021,0.600214982385068
481.355,0.554525994254398
481.688,0.574294973713482
482.021,0.607513591674529
482.355,0.570209588639507
482.688,0.56018738930073
483.022,0.587132569507733
483.355,0.535828089533809
483.689,0.578885294021319
484.022,0.5604628085192
484.357,0.555229843368266
484.69,0.571693792205708
485.024,0.577003262695106
485.357,0.576896155221257
485.691,0.580950938159846
486.024,0.552536855454335
486.357,0.579772755947501
486.691,0.532798478130636
487.024,0.586229806513858
487.358,0.551129157226598
487.691,0.571831501814943
488.024,0.563002785756203
488.358,0.558794992140686
488.691,0.598531864938861
489.025,0.573177995771909
489.358,0.569689352337953
489.692,0.596435618664949
490.025,0.569995373691808
490.359,0.56347711885468
490.692,0.523403622567263
491.026,0.54910941629115
491.359,0.547150879626473
491.693,0.573529920328843
492.026,0.540051184217019
492.36,0.539087216952373
492.693,0.589504235000115
493.027,0.557616809928341
493.36,0.538719991327746
493.694,0.552980586417426
494.027,0.571464276190316
494.36,0.567562503928655
494.695,0.549950975014254
495.029,0.565756977940906
495.362,0.552337941574329
495.696,0.546630643324918
496.029,0.558840895343765
496.362,0.531467285241363
496.696,0.553133597094354
497.029,0.557601508860649
497.363,0.533838950733746
497.696,0.558764390005301
498.03,0.530824640398266
498.363,0.570301395045664
498.697,0.571295964445696
499.03,0.588892192292404
499.364,0.554235273968235
499.697,0.540556119450881
500.031,0.557096573626787
500.364,0.579084207901326
500.698,0.596787543221883
501.031,0.573912447021163
501.365,0.571678491138015
501.698,0.560248593571501
502.031,0.558657282531451
502.365,0.569521040593332
502.698,0.568648879734843
503.032,0.564012656223927
503.365,0.549843867540404
503.699,0.572917877621131
504.032,0.593788533954097
504.366,0.545452461112573
504.699,0.537174583490774
505.035,0.560019077556109
505.368,0.518951011868661
505.702,0.56638432171631
506.035,0.562559054793113
506.369,0.579772755947501
506.702,0.542958387078649
507.035,0.53561387458611
507.369,0.592013610101733
507.702,0.569276223510247
508.036,0.546814256137232
508.369,0.541412979241677
508.702,0.544564999186392
509.036,0.57351461926115
509.369,0.563048688959282
509.703,0.535843390601501
510.036,0.55119036149737
510.37,0.56018738930073
510.703,0.580706121076761
511.037,0.556499831986768
511.37,0.560707625602285
511.704,0.550777232669664
512.037,0.582741163079902
512.37,0.55437298357747
512.704,0.529814769930542
513.037,0.557035369356015
513.371,0.596680435748034
513.704,0.543050193484805
514.038,0.548160750094197
514.371,0.546033901684899
514.705,0.544763913066398
515.04,0.537679518724636
515.373,0.515033938539307
515.706,0.542101527287852
516.04,0.519134624680975
516.373,0.51137698336073
516.707,0.542239236897088
517.04,0.563048688959282
517.374,0.53682265893384
517.707,0.564731806405489
518.041,0.532553661047552
518.374,0.54949194298347
518.708,0.558641981463758
519.041,0.540571420518573
519.375,0.545222945097181
519.708,0.545620772857194
520.041,0.53024319982594
520.375,0.545345353638724
520.708,0.533181004822956
521.042,0.549736760066555
521.375,0.543218505229426
521.709,0.518843904394812
522.042,0.563262903906981
522.376,0.535965799143044
522.709,0.549629652592705
523.043,0.526570943579671
523.376,0.530059587013627
523.71,0.549752061134247
524.043,0.545115837623332
524.377,0.558534873989909
524.71,0.601959304102046
525.045,0.550318200638881
525.379,0.540234797029332
525.712,0.54647763264799
526.046,0.503481632431251
526.379,0.510887349194561
526.713,0.528039846078179
527.046,0.55821355156836
527.38,0.541856710204768
527.713,0.557708616334498
528.047,0.528804899462818
528.38,0.558672583599144
528.714,0.550624221992736
529.047,0.551404576445069
529.381,0.55014988889426
529.714,0.537006271746153
530.048,0.54329501056789
530.381,0.533471725109119
530.715,0.525515169908868
531.048,0.516456937834737
531.381,0.548313760771125
531.715,0.536486035444598
532.048,0.537633615521558
532.382,0.534527498779921
532.715,0.574096059833476
533.049,0.632928665112253
533.382,0.688073713077068
533.716,0.801469925748334
534.049,0.859659886184013
534.383,0.965726887430433
534.716,1.08221391577564
535.051,1.20330656549638
535.385,1.31858480949386
535.718,1.33627284374673
536.052,1.42605950896802
536.385,1.46858117608628
536.718,1.44867448701796
537.052,1.3902244084315
537.385,1.37342383610482
537.719,1.29577091756391
538.052,1.26177194515053
538.385,1.13862895235896
538.719,1.12504160424776
539.052,1.04619520242681
539.386,1.01661823857665
539.719,0.947824638229869
540.053,0.927917949161549
540.386,0.840977282531117
540.719,0.831062190666189
541.053,0.775748830956754
541.386,0.728988768087588
541.72,0.75960620454086
542.053,0.742530212995707
542.387,0.670079657470347
542.72,0.675664547178215
543.054,0.671869882390403
543.387,0.65929240474693
543.721,0.645246024604949
544.054,0.639783543438623
544.387,0.64119124166636
544.721,0.632133009592228
545.056,0.597521994471137
545.389,0.571724394341094
545.723,0.582205625710655
546.056,0.586658236409257
546.39,0.574646898270416
546.723,0.597766811554222
547.057,0.529845372065928
547.39,0.578380358787457
547.724,0.55530634870673
548.057,0.565940590753219
548.391,0.589794955286278
548.724,0.579635046338266
549.057,0.571280663378003
549.391,0.564043258359313
549.724,0.537404099506166
550.058,0.560340399977658
550.391,0.500559128501928
550.725,0.533502327244505
551.058,0.512616369843846
551.392,0.559315228442241
551.725,0.528514179176655
552.059,0.560753528805363
552.392,0.526433233970436
552.726,0.54208622622016
553.059,0.533135101619878
553.393,0.576911456288949
553.726,0.545911493143357
554.06,0.51850728090557
554.393,0.530044285945934
554.726,0.553852747275915
555.06,0.536776755730762
555.395,0.580415400790598
555.728,0.523281214025721
556.061,0.510872048126868
556.395,0.571066448430304
556.728,0.552246135168172
557.062,0.540479614112417
557.395,0.526662749985827
557.729,0.526586244647363
558.062,0.545666676060272
558.396,0.540969248278586
558.729,0.538276260364655
559.063,0.526188416887351
559.396,0.537296992032316
559.73,0.518843904394812
560.063,0.525178546419627
560.397,0.539592152186235
560.73,0.533930757139903
561.063,0.540816237601658
561.397,0.529493447508994
561.73,0.530304404096711
562.064,0.54011238848779
562.397,0.55004278142041
562.731,0.550838436940435
563.064,0.522194838219533
563.398,0.53166619912137
563.731,0.530411511570561
564.064,0.511591198308429
564.398,0.522470257438003
564.731,0.521368580564122
565.065,0.515125744945464
565.4,0.516227421819345
565.733,0.519149925748668
566.066,0.526081309413501
566.4,0.523189407619564
566.733,0.519670162050222
567.066,0.531360177767514
567.4,0.519608957779451
567.733,0.521598096579514
568.067,0.524780718659614
568.4,0.529263931493602
568.734,0.531298973496743
569.067,0.533991961410674
569.401,0.522332547828768
569.734,0.496703259443345
570.068,0.524566503711915
570.401,0.54049491518011
570.735,0.539852270337012
571.068,0.509219532816047
571.402,0.523434224702649
571.735,0.528697791988968
572.069,0.528284663161263
572.402,0.510979155600718
572.736,0.534007262478367
573.069,0.52640263183505
573.403,0.533181004822956
573.736,0.533364617635269
574.069,0.529677060321307
574.403,0.513962863800812
574.737,0.545437160044881
575.07,0.543876451140216
575.405,0.524903127201157
575.739,0.495616883637157
576.072,0.512723477317696
576.406,0.495877001787934
576.739,0.495999410329477
577.072,0.52892730800436
577.406,0.501982127797357
577.739,0.463790662836154
578.073,0.537082777084617
578.406,0.522592665979545
578.74,0.506358233157495
579.073,0.51071903744994
579.407,0.507368103625219
579.74,0.533670638989125
580.074,0.495922904991013
580.407,0.531712102324448
580.741,0.499702268711132
581.074,0.519287635357903
581.408,0.536562540783063
581.741,0.563354710313138
582.075,0.489511757627734
582.408,0.525224449622705
582.741,0.537771325130793
583.075,0.49909022600342
583.408,0.53100825321058
583.742,0.507475211099069
584.075,0.559498841254555
584.409,0.525010234675006
584.742,0.509540855237596
585.075,0.497514216031063
585.41,0.511728907917665
585.744,0.477928849384292
586.077,0.524887826133464
586.41,0.535200745758404
586.744,0.502594170505069
587.077,0.495157851606373
587.411,0.538322163567733
587.744,0.534802917998392
588.078,0.511009757736103
588.411,0.507934243129853
588.745,0.524367589831909
589.078,0.501875020323508
589.411,0.532507757844473
589.745,0.505501373366699
590.078,0.503451030295865
590.412,0.504063073003577
590.745,0.50144659042811
591.079,0.51850728090557
591.412,0.52996778060747
591.746,0.535093638284555
592.079,0.542040323017081
592.413,0.529202727222831
592.746,0.494040873664799
593.079,0.497651925640298
593.413,0.523005794807251
593.746,0.508546285837564
594.08,0.494285690747884
594.413,0.518782700124041
594.747,0.502578869437376
595.08,0.547594610589564
595.415,0.488104059399997
595.749,0.475281764673439
596.082,0.4987076993111
596.416,0.521965322204141
596.749,0.505180050945151
597.083,0.534802917998392
597.416,0.512585767708461
597.749,0.541397678173984
598.083,0.489221037341571
598.416,0.507337501489834
598.75,0.512539864505382
599.083,0.515722486585483
599.417,0.507903640994467
599.75,0.497850839520304
600.084,0.501676106443502
600.417,0.509647962711445
600.75,0.542285140100166
601.084,0.473766958971853
601.417,0.557356691777564
601.751,0.521368580564122
602.084,0.504812825320524
602.418,0.527106480948918
602.751,0.546079804887978
603.085,0.546936664678774
603.418,0.526601545715056
603.752,0.510244704351464
604.085,0.508638092243721
604.419,0.520940150668724
604.752,0.492388358353978
605.086,0.541520086715526
605.421,0.507612920708304
605.754,0.530809339330574
606.088,0.510428317163777
606.421,0.51373334778542
606.755,0.51570718551779
607.088,0.518920409733276
607.422,0.497009280797201
607.755,0.506909071594436
608.089,0.494607013169433
608.422,0.510367112893006
608.756,0.519853774862536
609.089,0.490322714215451
609.423,0.515309357757777
609.756,0.494423400357119
610.09,0.50912772640989
610.423,0.516319228225501
610.756,0.488746704243094
611.09,0.502854288655846
611.423,0.517512711505539
611.757,0.503711148446643
612.09,0.471900228713332
612.423,0.508010748468317
612.757,0.48971067150774
613.09,0.499564559101897
613.423,0.499074924935727
613.757,0.515584776976248
614.09,0.510994456668411
614.424,0.499396247357276
614.757,0.483299524144461
615.091,0.484141082867564
615.426,0.517267894422454
615.759,0.486543350495332
616.092,0.491975229526273
616.426,0.472726486368743
616.759,0.486375038750712
617.093,0.499013720664956
617.426,0.508638092243721
617.76,0.504797524252831
618.093,0.489343445883113
618.427,0.489909585387746
618.76,0.460868158906831
619.094,0.504047771935884
619.427,0.468916520513238
619.761,0.508668694379107
620.094,0.501798514985044
620.428,0.507291598286755
620.761,0.477821741910442
621.095,0.510596628908398
621.428,0.495570980434078
621.762,0.483498438024467
622.095,0.488042855129226
622.428,0.480530030892066
622.762,0.520725935721025
623.095,0.496596151969495
623.429,0.488486586092317
623.762,0.518905108665583
624.095,0.474363700611872
624.429,0.500161300741915
624.762,0.494913034523288
625.096,0.520986053871802
625.429,0.452544378081953
625.764,0.493673648040172
626.098,0.521031957074881
626.431,0.510581327840705
626.765,0.506756060917508
627.098,0.501278278683489
627.431,0.487706231639984
627.765,0.532186435422925
628.098,0.497529517098756
628.432,0.466315339005464
628.765,0.502288149151213
629.099,0.493367626686317
629.432,0.511116865209953
629.766,0.518951011868661
630.099,0.48642094195379
630.433,0.517466808302461
630.766,0.492174143406279
631.1,0.49223534767705
631.433,0.506740759849815
631.767,0.505623781908241
632.1,0.533624735786047
632.433,0.509418446696053
632.767,0.52602010514273
633.1,0.509188930680661
633.434,0.53709807815231
633.767,0.48773683377537
634.101,0.504460900763589
634.434,0.530044285945934
634.768,0.522531461708774
635.101,0.510458919299163
635.434,0.524138073816517
635.768,0.505088244538994
636.103,0.508561586905257
636.436,0.513106004010016
636.769,0.50940314562836
637.103,0.546600041189533
637.436,0.496749162646423
637.77,0.513014197603859
638.103,0.472971303451828
638.436,0.491592702833953
638.77,0.517742227520931
639.103,0.49694807652643
639.437,0.498080355535696
639.77,0.518599087311727
640.104,0.503206213212781
640.437,0.515110443877771
640.771,0.476628258630405
641.104,0.502640073708147
641.438,0.500727440246549
641.771,0.484110480732179
642.104,0.483085309196762
642.438,0.468564595956304
642.771,0.477469817353508
643.105,0.496336033818718
643.439,0.471548304156398
643.772,0.486222028073784
644.106,0.504552707169746
644.439,0.493138110670925
644.772,0.480881955449
645.106,0.489389349086191
645.44,0.498508785431094
645.773,0.513580337108492
646.108,0.481279783209013
646.442,0.488685499972323
646.775,0.453615452820449
647.108,0.474639119830342
647.442,0.49223534767705
647.775,0.492311853015514
648.109,0.498738301446486
648.442,0.499931784726524
648.776,0.4840645775291
649.109,0.461832126171477
649.443,0.494576411034047
649.776,0.481126772532085
650.11,0.486130221667627
650.443,0.492954497858611
650.776,0.483865663649094
651.11,0.485900705652235
651.443,0.465795102703909
651.777,0.471548304156398
652.11,0.488134661535383
652.444,0.455451580943583
652.777,0.485717092839922
653.11,0.481203277870549
653.444,0.469406154679408
653.777,0.459628772423715
654.111,0.493857260852486
654.444,0.459292148934474
654.778,0.488425381821546
655.111,0.469038929054781
655.445,0.501033461600404
655.778,0.448657906887985
656.113,0.465672694162367
656.446,0.461526104817621
656.78,0.431367700395132
657.113,0.488700801040016
657.447,0.489343445883113
657.78,0.48839477968616
658.114,0.489297542680035
658.447,0.46952856322095
658.781,0.47440960381495
659.114,0.494499905695583
659.448,0.484385899950649
659.781,0.442568081946254
660.114,0.485655888569151
660.448,0.471043368922536
660.781,0.480178106335132
661.115,0.465871608042373
661.448,0.4745167112888
661.781,0.478097161128912
662.115,0.477347408811966
662.448,0.488654897836937
662.782,0.457425418675953
663.115,0.500589730637313
663.448,0.470951562516379
663.782,0.460638642891439
664.115,0.466208231531615
664.449,0.488899714920022
664.782,0.478846913445859
665.116,0.479688472168963
665.449,0.432943710367489
665.783,0.460653943959132
666.118,0.471533003088706
666.451,0.455329172402041
666.784,0.464173189528474
667.118,0.414153999240743
667.451,0.457119397322097
667.785,0.474225991002637
668.118,0.488241769009232
668.452,0.475144055064204
668.785,0.458221074195978
669.119,0.454870140371257
669.452,0.451580410817308
669.786,0.490965359058549
670.119,0.477837042978135
670.453,0.476077420193464
670.786,0.477622828030436
671.12,0.475847904178072
671.453,0.503206213212781
671.787,0.48049942875668
672.12,0.452666786623496
672.454,0.507720028182154
672.787,0.518859205462505
673.121,0.505516674434392
673.454,0.447158402254091
673.788,0.486558651563025
674.121,0.458419988075985
674.455,0.474746227304191
674.788,0.462352362473032
675.122,0.47413418459648
675.455,0.492373057286285
675.789,0.485334566147602
676.124,0.449836089100329
676.457,0.445062155980179
676.791,0.479168235867408
677.124,0.474103582461094
677.458,0.476322237276549
677.791,0.465458479214668
678.125,0.43256118367517
678.458,0.442950608638574
678.792,0.438788718226135
679.125,0.483773857242937
679.459,0.481555202427483
679.792,0.455298570266655
680.125,0.456262537531301
680.459,0.463668254294612
680.792,0.464616920491565
681.126,0.477026086390417
681.459,0.460577438620668
681.793,0.464815834371571
682.126,0.509831575523759
682.46,0.46672846783317
682.793,0.473063109857984
683.127,0.471946131916411
683.46,0.456752171697471
683.793,0.490812348381621
684.127,0.448550799414135
684.46,0.472114443661032
684.794,0.454013280580461
685.127,0.487094188932273
685.46,0.451106077718831
685.794,0.477133193864267
686.127,0.487094188932273
686.462,0.439813889761552
686.795,0.458924923309847
687.129,0.468044359654749
687.462,0.460409126876047
687.796,0.463499942549991
688.129,0.477852344045828
688.462,0.491822218849345
688.796,0.483039405993684
689.129,0.469161337596323
689.463,0.469375552544022
689.796,0.470064100590198
690.13,0.471808422307176
690.463,0.455375075605119
690.797,0.4696356706948
691.13,0.458511794482141
691.463,0.487996951926147
691.797,0.501813816052737
692.13,0.467340510540881
692.464,0.473950571784166
692.797,0.463209222263828
693.131,0.472114443661032
693.464,0.457165300525176
693.798,0.513381423228486
694.131,0.425951122431884
694.465,0.483743255107552
694.798,0.450555239281891
695.132,0.45291160370658
695.465,0.524444095170373
695.799,0.517206690151683
696.132,0.491699810307803
696.465,0.446469854207916
696.8,0.46634594114085
697.134,0.439247750256919
697.467,0.491485595360103
697.801,0.492939196790919
698.134,0.48444710422142
698.468,0.479076429461251
698.801,0.440609545281577
699.135,0.444985650641715
699.468,0.466988585983947
699.802,0.464800533303878
700.135,0.458924923309847
700.469,0.467692435097815
700.802,0.446515757410994
701.136,0.44298121077396
701.469,0.471854325510254
701.803,0.47901522519048
702.136,0.484569512762963
702.47,0.430281324588944
702.803,0.458955525445232
703.136,0.472451067150273
703.47,0.452008840712706
703.803,0.468227972467063
704.137,0.449116938918768
704.47,0.433815871225978
704.804,0.480912557584386
705.137,0.48762972630152
705.471,0.423043919570254
705.804,0.448397788737207
706.138,0.440701351687734
706.471,0.468151467128599
706.807,0.470645541162524
707.14,0.454150990189696
707.474,0.431581915342831
707.807,0.459307450002166
708.141,0.468090262857828
708.474,0.496657356240267
708.807,0.446638165952536
709.141,0.460011299116035
709.474,0.445964918974054
709.808,0.434779838490624
710.141,0.439186545986148
710.475,0.446010822177132
710.808,0.45806806351905
711.142,0.403733972141954
711.475,0.429424464798148
711.809,0.468289176737834
712.142,0.444939747438637
712.475,0.433295634924424
712.809,0.453829667768148
713.142,0.448290681263358
713.476,0.444113489783226
713.809,0.394736944338593
714.143,0.409150550105201
714.476,0.433647559481358
714.809,0.478801010242781
715.143,0.45066234675574
715.476,0.425170767979552
715.81,0.438023664841496
716.143,0.450845959568054
716.477,0.465856306974681
716.812,0.439844491896938
717.146,0.436111031379897
717.479,0.417214212779301
717.813,0.431689022816681
718.146,0.485150953335289
718.48,0.446990090509471
718.813,0.428185078315032
719.147,0.433724064819822
719.48,0.431719624952066
719.813,0.457211203728254
720.147,0.435927418567583
720.48,0.448596702617214
720.814,0.403779875345032
721.147,0.43020481925048
721.481,0.436631267681452
721.814,0.421452608530204
722.148,0.436248740989132
722.481,0.444281801527847
722.814,0.445842510432511
723.148,0.417688545877778
723.481,0.454150990189696
723.815,0.421712726680982
724.148,0.456690967426699
724.482,0.425767509619571
724.815,0.448198874857201
725.149,0.45422749552816
725.482,0.439767986558474
725.816,0.418836125954737
726.149,0.453064614383508
726.483,0.454304000866624
726.818,0.459995998048342
727.151,0.434458516069076
727.484,0.432224560185928
727.818,0.42296741423179
728.151,0.422783801419477
728.485,0.430694453416649
728.818,0.455329172402041
729.152,0.449193444257232
729.485,0.429837593625853
729.819,0.429975303235088
730.152,0.450264518995728
730.486,0.435774407890656
730.819,0.399113049698731
731.153,0.425905219228806
731.486,0.413618461871496
731.82,0.444526618610931
732.153,0.421330199988662
732.487,0.428200379382725
732.82,0.443945178038605
733.154,0.44418999512169
733.487,0.450264518995728
733.821,0.432331667659778
734.154,0.461908631509941
734.487,0.44786225136796
734.821,0.424834144490311
735.154,0.42307452170564
735.488,0.429960002167395
735.821,0.426134735244198
736.155,0.430633249145878
736.488,0.406350454717421
736.823,0.445046854912486
737.157,0.429975303235088
737.49,0.447051294780242
737.824,0.458879020106768
738.157,0.413297139449947
738.491,0.441879533900079
738.824,0.419738888948612
739.157,0.427068100373458
739.491,0.422263565117922
739.824,0.432790699690562
740.158,0.404101197766581
740.491,0.458756611565226
740.825,0.425568595739565
741.158,0.428567605007352
741.492,0.445720101890969
741.825,0.399541479594129
742.159,0.42054984553633
742.492,0.425935821364192
742.826,0.428812422090436
743.159,0.450708249958819
743.492,0.420029609234775
743.826,0.443073017180116
744.159,0.410588850468323
744.493,0.445658897620198
744.826,0.434994053438323
745.16,0.440823760229276
745.493,0.416908191425446
745.827,0.436539461275295
746.16,0.445444682672499
746.494,0.430357829927408
746.827,0.451289690531145
747.162,0.414995557963847
747.496,0.438987632106141
747.829,0.436187536718361
748.163,0.43744222426917
748.496,0.477163795999652
748.83,0.44117568478621
749.163,0.456293139666687
749.497,0.435667300416806
749.83,0.451121378786524
750.164,0.453661356023527
750.497,0.410481742994474
750.831,0.424681133813383
751.164,0.435789708958348
751.498,0.419325760120906
751.831,0.411292699582192
752.164,0.463637652159226
752.498,0.428705314616587
752.831,0.450738852094204
753.165,0.457945654977508
753.498,0.442001942441621
753.832,0.46184742723917
754.165,0.421299597853276
754.499,0.466850876374712
754.832,0.440364728198493
755.166,0.452421969540411
755.499,0.45263618448811
755.833,0.459139138257546
756.166,0.430342528859715
756.5,0.459047331851389
756.833,0.452789195165038
757.167,0.417688545877778
757.502,0.452498474878875
757.835,0.440563642078499
758.169,0.429852894693546
758.502,0.423946682564129
758.836,0.455451580943583
759.169,0.437228009321471
759.503,0.381669832528951
759.836,0.422171758711765
760.17,0.399480275323358
760.503,0.431566614275138
760.836,0.423151027044104
761.17,0.414689536609991
761.503,0.408890431954424
761.837,0.427435325998085
762.17,0.431352399327439
762.504,0.424436316730298
762.837,0.418269986450104
763.171,0.440594244213884
763.504,0.384424024713653
763.837,0.418315889653182
764.171,0.418361792856261
764.504,0.417596739471621
764.838,0.421422006394819
765.171,0.399189555037195
765.505,0.419019738767051
765.838,0.434733935287546
766.172,0.414031590699201
766.505,0.426058229905734
766.839,0.411767032680668
767.172,0.425645101078029
767.507,0.415638202806944
767.84,0.424589327407226
768.174,0.405723110942016
768.507,0.397644147200223
768.841,0.443057716112424
769.174,0.401714231206505
769.508,0.409211754375972
769.841,0.412792204216085
770.175,0.405309982114311
770.508,0.441022674109283
770.842,0.402785305945001
771.175,0.429500970136612
771.508,0.421620920274825
771.842,0.433173226382881
772.175,0.425691004281107
772.509,0.406702379274355
772.842,0.394155503766267
773.176,0.403351445449634
773.509,0.422906209961019
773.843,0.405264078911233
774.176,0.4029995208927
774.51,0.400138221234148
774.843,0.385510400519841
775.177,0.434504419272154
775.51,0.394736944338593
775.844,0.393053826892386
776.177,0.403121929434242
776.511,0.409670786406756
776.844,0.414873149422305
777.178,0.399128350766424
777.513,0.421850436290217
777.847,0.408523206329797
778.18,0.393359848246242
778.513,0.373942793344092
778.847,0.398745824074104
779.18,0.367852968402361
779.514,0.400214726572612
779.847,0.354831759795797
780.181,0.38544919624907
780.514,0.419310459053214
780.848,0.407681647606693
781.181,0.40064315646801
781.515,0.410726560077559
781.848,0.378900339276556
782.181,0.384806551405973
782.515,0.40908934583443
782.849,0.408416098855947
783.182,0.408492604194411
783.515,0.367852968402361
783.849,0.398179684569471
784.182,0.350425052300274
784.516,0.404422520188129
784.849,0.422814403554863
785.183,0.407054303831289
785.516,0.370729569128606
785.85,0.380690564196612
786.183,0.416724578613132
786.517,0.403382047585019
786.85,0.399113049698731
787.183,0.396863792747891
787.519,0.385510400519841
787.852,0.397781856809458
788.185,0.39482875074475
788.519,0.37766095279344
788.852,0.380216231098136
789.186,0.421498511733283
789.519,0.407436830523609
789.853,0.37755384531959
790.186,0.383062229688995
790.52,0.386091841092167
790.853,0.403779875345032
791.186,0.408354894585176
791.52,0.387300625439897
791.853,0.374616040322574
792.187,0.376589878054944
792.52,0.400428941520311
792.854,0.365114077285352
793.187,0.382526692319747
793.521,0.40234157498191
793.854,0.382190068830505
794.188,0.387300625439897
794.521,0.359391477968249
794.855,0.393451654652399
795.188,0.373850986937935
795.522,0.407023701695903
795.855,0.408798625548267
796.189,0.362283379762186
796.522,0.380063220421208
796.855,0.367118517153107
797.189,0.383964992682869
797.524,0.372871718605596
797.857,0.389932409083057
798.191,0.395915126550938
798.524,0.375625910790299
798.858,0.361763143460631
799.191,0.391692031867728
799.525,0.392273472440054
799.858,0.360890982602142
800.192,0.368250796162374
800.525,0.37727842610112
800.859,0.364869260202267
801.192,0.400612554332624
801.525,0.373101234620988
801.859,0.358595822448223
802.193,0.404376616985051
802.526,0.383276444636694
802.859,0.382633799793596
803.193,0.359881112134418
803.526,0.375166878759515
803.86,0.386183647498324
804.193,0.369964515743966
804.527,0.357784865860506
804.86,0.363262648094524
805.194,0.379558285187346
805.527,0.362497594709885
805.861,0.386306056039866
806.194,0.400490145791082
806.528,0.360431950571358
806.861,0.383827283073634
807.195,0.360370746300587
807.53,0.387499539319904
807.863,0.354036104275772
808.197,0.350073127743339
808.53,0.380675263128919
808.863,0.380308037504292
809.197,0.391661429732342
809.53,0.378502511516543
809.864,0.348298203890976
810.197,0.370132827488587
810.531,0.382832713673603
810.864,0.388708323667634
811.198,0.369796203999346
811.531,0.36000352067596
811.865,0.379405274510418
812.198,0.361135799685227
812.531,0.382235972033584
812.865,0.355336695029659
813.198,0.369230064494712
813.532,0.376084942821082
813.865,0.372596299387126
814.198,0.381669832528951
814.532,0.37662048019033
814.865,0.368128387620832
815.198,0.379053349953484
815.532,0.329998126930399
815.865,0.380323338571985
816.199,0.377630350658054
816.532,0.384500530052117
816.866,0.390850473144625
817.199,0.375289287301057
817.534,0.359712800389797
817.868,0.365879130669991
818.201,0.386810991273728
818.535,0.368143688688524
818.868,0.364150110020706
819.202,0.343968001733916
819.535,0.362237476559107
819.869,0.383811982005941
820.202,0.363308551297603
820.536,0.369061752750092
820.869,0.351756245189546
821.203,0.384424024713653
821.536,0.36938307517164
821.869,0.367562248116198
822.203,0.388448205516856
822.536,0.392120461763126
822.87,0.371142697956311
823.203,0.329477890628844
823.537,0.351067697143371
823.87,0.35786137119897
824.203,0.345391001029346
824.537,0.394339116578581
824.87,0.367990678011596
825.204,0.381960552815114
825.537,0.377507942116512
825.871,0.359039553411314
826.204,0.381210800498167
826.538,0.368633322854694
826.871,0.376589878054944
827.205,0.367730559860819
827.538,0.350884084331057
827.873,0.358901843802079
828.207,0.347946279334042
828.54,0.35259780391265
828.874,0.374845556337966
829.207,0.350746374721822
829.541,0.356101748414299
829.874,0.357341134897415
830.208,0.34837470922944
830.541,0.350608665112587
830.875,0.354724652321948
831.208,0.370668364857835
831.541,0.389075549292261
831.875,0.364471432442255
832.208,0.343906797463145
832.542,0.347074118475553
832.875,0.362038562679101
833.209,0.370408246707057
833.542,0.371280407565546
833.876,0.358779435260537
834.209,0.356560780445082
834.543,0.36696550647618
834.876,0.354617544848098
835.21,0.346263161887835
835.543,0.355428501435816
835.877,0.343049937672349
836.21,0.355703920654286
836.544,0.348053386807891
836.877,0.381073090888932
837.211,0.356178253752763
837.544,0.349063257275615
837.879,0.352903825266506
838.212,0.354984770472725
838.546,0.318231605874644
838.879,0.364410228171484
839.212,0.354005502140387
839.546,0.339622498509164
839.879,0.363935895073007
840.212,0.376849996205722
840.546,0.382878616876681
840.879,0.36104399327907
841.213,0.371938353476336
841.546,0.352123470814173
841.88,0.363232045959139
842.213,0.355413200368123
842.547,0.358626424583609
842.88,0.346921107798625
843.214,0.373544965584079
843.547,0.342820421656957
843.881,0.363002529943747
844.214,0.356499576174311
844.548,0.357830769063584
844.881,0.3671338182208
845.214,0.356851500731245
845.548,0.344029206004688
845.881,0.332553405235095
846.215,0.354694050186562
846.548,0.346186656549371
846.882,0.341917658663082
847.215,0.348175795349434
847.548,0.366154549888462
847.884,0.356928006069709
848.217,0.36844971004238
848.551,0.341473927699992
848.884,0.376115544956468
849.217,0.373040030350217
849.551,0.351358417429534
849.884,0.373315449568687
850.218,0.349231569020236
850.551,0.356698490054318
850.884,0.401224597040336
851.218,0.347869773995578
851.551,0.349920117066412
851.885,0.34058646577381
852.218,0.350119030946418
852.552,0.352857922063427
852.885,0.372427987642506
853.219,0.350088428811032
853.552,0.344717754050863
853.886,0.358075586146669
854.219,0.326157558939509
854.553,0.345651119180123
854.886,0.329630901305772
855.22,0.364915163405346
855.553,0.356606683648161
855.886,0.350929987534136
856.22,0.337495650099866
856.553,0.33729673621986
856.887,0.339576595306086
857.22,0.334955672862863
857.554,0.333838694921289
857.889,0.344549442306242
858.222,0.342254282152324
858.556,0.352199976152637
858.889,0.33345616822897
859.223,0.332262684948932
859.556,0.339423584629158
859.89,0.326570687767214
860.223,0.332997136198186
860.556,0.332216781745854
860.89,0.350180235217189
861.223,0.337862875724493
861.557,0.328330310551885
861.89,0.36187025093448
862.223,0.344717754050863
862.557,0.320618572434719
862.89,0.341336218090756
863.223,0.33477206005055
863.557,0.325606720502569
863.89,0.327886579588794
864.224,0.328330310551885
864.557,0.339699003847628
864.891,0.319532196628531
865.224,0.331161008075051
865.557,0.31843051975465
865.891,0.308989760988199
866.224,0.360554359112901
866.558,0.306832310443515
866.891,0.331803652918148
867.225,0.329982825862706
867.558,0.319073164597747
867.893,0.342820421656957
868.227,0.339438885696851
868.561,0.329462589561152
868.894,0.314605252831453
869.227,0.31815510053618
869.561,0.316869810849986
869.894,0.335338199555183
870.228,0.325775032247189
870.561,0.333303157552042
870.895,0.313427070619108
871.228,0.317757272776167
871.562,0.343126443010813
871.895,0.300099840658688
872.229,0.326555386699521
872.562,0.30614376239734
872.896,0.339530692103007
873.229,0.33823010134912
873.562,0.332752319115101
873.896,0.311988770255986
874.229,0.31119311473596
874.563,0.318966057123898
874.896,0.344687151915477
875.23,0.313748393040656
875.563,0.314253328274518
875.897,0.299900926778682
876.23,0.326784902714913
876.563,0.332675813776637
876.897,0.318170401603873
877.23,0.318002089859252
877.564,0.306648697631202
877.899,0.303756795837265
878.232,0.336042048669051
878.566,0.301966570917208
878.899,0.300314055606387
879.233,0.311835759579058
879.566,0.309892523982073
879.9,0.318109197333101
880.233,0.281753860495033
880.567,0.313335264212951
880.9,0.31168274890213
881.233,0.312095877729835
881.567,0.318093896265409
881.9,0.32698381659492
882.234,0.322255786677848
882.567,0.305240999403465
882.901,0.29742215381245
883.234,0.301170915397183
883.567,0.317451251422312
883.901,0.3266012899026
884.234,0.302701022166462
884.568,0.322806625114788
884.901,0.310382158148243
885.235,0.338214800281427
885.568,0.297498659150914
885.902,0.32424492547791
886.235,0.305501117554243
886.568,0.324214323342525
886.902,0.303068247791089
887.235,0.327090924068769
887.569,0.31645668202228
887.904,0.319700508373152
888.237,0.298569733889409
888.57,0.317099326865377
888.904,0.309861921846688
889.237,0.329156568207296
889.57,0.325713827976418
889.904,0.32040435748702
890.237,0.30115561432949
890.571,0.284615160153584
890.904,0.308408320415873
891.237,0.284967084710519
891.571,0.306648697631202
891.904,0.298003594384776
892.238,0.31579873611149
892.571,0.308025793723553
892.905,0.308240008671252
893.238,0.309311083409747
893.572,0.320052432930086
893.905,0.312738522572932
894.238,0.330212341878098
894.572,0.320220744674706
894.906,0.338903348327603
895.239,0.308438922551258
895.573,0.311881662782136
895.906,0.32012893826855
896.239,0.30126272180334
896.573,0.311743953172901
896.906,0.336761198850612
897.24,0.325162989539478
897.573,0.31223358733907
897.907,0.316257768142274
898.242,0.294239531732349
898.575,0.314544048560681
898.909,0.295494219283158
899.242,0.314421640019139
899.575,0.315064284862236
899.909,0.301737054901816
900.242,0.294086521055421
900.576,0.28689501923981
900.909,0.288991265513722
901.243,0.285150697522832
901.576,0.301033205787948
901.91,0.314788865643766
902.243,0.301981871984901
902.577,0.319792314779308
902.91,0.30641918161581
903.244,0.299640808627904
903.577,0.303420172348023
903.911,0.291515941683033
904.244,0.305286902606544
904.578,0.312554909760619
904.911,0.300543571621779
905.245,0.290689684027622
905.578,0.290261254132224
905.912,0.296840713240124
906.245,0.297636368760149
906.579,0.297054928187823
906.912,0.310213846403622
907.246,0.324550946831766
907.579,0.297881185843233
907.913,0.310672878434406
908.248,0.291317027803026
908.581,0.299870324643296
908.915,0.309938427185152
909.248,0.335628919841346
909.582,0.302945839249547
909.915,0.284232633461265
910.248,0.310489265622092
910.582,0.307536159557384
910.915,0.307673869166619
911.249,0.308546030025108
911.582,0.30669460083428
911.916,0.312478404422155
912.249,0.290123544522989
912.583,0.315446811554556
912.916,0.30631207414196
913.25,0.263438482466763
913.583,0.3119581681206
913.916,0.322684216573246
914.25,0.330747879247346
914.583,0.280437968673453
914.917,0.311789856375979
915.25,0.345406302097039
915.583,0.282610720285829
915.917,0.30641918161581
916.25,0.269298791393102
916.584,0.319241476342368
916.917,0.279933033439591
917.251,0.29956430328944
917.584,0.299197077664813
917.918,0.304980881252688
918.253,0.29994682998176
918.586,0.304215827868048
918.919,0.309525298357446
919.253,0.306939417917365
919.586,0.31936388488391
919.92,0.313151651400638
920.253,0.263438482466763
920.587,0.291087511787635
920.92,0.310718781637484
921.254,0.312371296948305
921.587,0.299304185138663
921.92,0.290781490433779
922.254,0.286772610698268
922.587,0.295126993658531
922.921,0.290613178689158
923.254,0.332262684948932
923.588,0.320511464960869
923.921,0.308270610806638
924.255,0.305164494065001
924.588,0.301446334615653
924.922,0.298921658446343
925.255,0.311437931819045
925.589,0.301553442089503
925.922,0.321750851443985
926.255,0.287109234187509
926.589,0.326310569616437
926.922,0.287598868353678
927.256,0.310596373095942
927.589,0.332079072136619
927.923,0.325790333314882
928.258,0.298768647769415
928.591,0.307046525391214
928.925,0.316579090563822
929.258,0.330916190991967
929.592,0.301278022871033
929.926,0.321659045037829
930.259,0.315033682726851
930.592,0.319440390222374
930.926,0.296152165193948
931.259,0.289970533846061
931.593,0.329738008779622
931.926,0.318858949650048
932.26,0.308194105468174
932.593,0.316655595902286
932.927,0.295693133163164
933.26,0.29046016801223
933.593,0.293122553790776
933.927,0.323127947536337
934.26,0.305286902606544
934.594,0.335384102758261
934.927,0.307796277708161
935.261,0.290995705381478
935.594,0.274072724513252
935.928,0.281447839141177
936.261,0.292250392932287
936.595,0.31908846566544
936.928,0.291408834209183
937.262,0.294392542409277
937.595,0.315890542517647
937.929,0.29534120860623
938.263,0.281830365833497
938.597,0.287507061947522
938.93,0.296305175870876
939.263,0.314513446425296
939.597,0.304154623597277
939.93,0.297927089046312
940.264,0.295356509673923
940.597,0.286558395750569
940.931,0.308301212942023
941.264,0.29786588477554
941.598,0.308194105468174
941.931,0.33494037179517
942.264,0.290368361606073
942.598,0.31168274890213
942.931,0.304246430003434
943.265,0.301186216464876
943.598,0.311942867052907
943.932,0.270461672537754
944.265,0.334695554712086
944.599,0.310014932523616
944.932,0.282319999999666
945.266,0.307245439271221
945.599,0.301461635683346
945.932,0.293688693295409
946.266,0.303557881957258
946.599,0.27395031597171
946.933,0.297942390114004
947.266,0.310718781637484
947.6,0.292617618556914
947.933,0.302395000812606
948.267,0.301706452766431
948.602,0.306725202969666
948.935,0.304246430003434
949.269,0.321047002330117
949.602,0.29759046555707
949.936,0.301844162375666
950.269,0.291714855563039
950.603,0.277285948728738
950.936,0.28042266760576
951.27,0.313136350332945
951.603,0.275296809928675
951.937,0.320740980976261
952.27,0.308515427889722
952.604,0.303940408649578
952.937,0.313641285566807
953.271,0.317757272776167
953.604,0.317894982385402
953.938,0.317803175979246
954.271,0.313962607988355
954.605,0.297345648473986
954.938,0.305409311148086
955.272,0.333869297056675
955.605,0.275664035553302
955.938,0.30060477589255
956.272,0.308056395858939
956.605,0.284217332393572
956.939,0.305455214351164
957.272,0.309647706898989
957.605,0.283268666196619
957.939,0.295218800064688
958.272,0.322531205896318
958.605,0.31458995176376
958.941,0.329416686358073
959.274,0.298034196520161
959.608,0.313304662077565
959.941,0.321628442902443
960.274,0.305026784455766
960.608,0.331161008075051
960.941,0.308607234295879
961.275,0.319287379545446
961.608,0.275954755839465
961.942,0.305348106877315
962.275,0.315232596606857
962.609,0.331558835835064
962.942,0.289190179393729
963.276,0.303114150994167
963.609,0.321643743970136
963.942,0.319011960326976
964.276,0.317206434339227
964.609,0.339806111321478
964.943,0.312417200151384
965.276,0.331696545444299
965.609,0.317328842880769
965.943,0.342131873610782
966.276,0.317940885588481
966.61,0.32369408704097
966.943,0.326907311256456
967.277,0.295280004335459
967.61,0.322362894151697
967.943,0.308806148175885
968.277,0.337419144761402
968.61,0.338413714161434
968.945,0.315737531840719
969.279,0.315706929705333
969.612,0.346615086444769
969.946,0.328896450056518
970.279,0.335628919841346
970.613,0.316869810849986
970.946,0.326815504850299
971.28,0.308683739634343
971.613,0.317374746083848
971.947,0.314712360305302
972.28,0.332828824453565
972.614,0.315706929705333
972.947,0.333563275702819
973.281,0.325117086336399
973.614,0.334175318410531
973.947,0.337113123407547
974.281,0.346660989647847
974.614,0.358152091485133
974.948,0.336240962549057
975.281,0.356208855888148
975.615,0.334098813072067
975.948,0.329814514118086
976.282,0.352949728469584
976.615,0.311590942495973
976.949,0.326050451465659
977.282,0.340800680721509
977.616,0.323525775296349
977.949,0.349461085035628
978.283,0.345666420247816
978.616,0.317864380250017
978.951,0.364578539916104
979.285,0.324046011597904
979.618,0.33899515473376
979.952,0.353439362635753
980.285,0.352307083626487
980.618,0.326371773887208
980.952,0.347487247303258
981.285,0.351848051595703
981.619,0.36872512926085
981.952,0.349813009592562
982.286,0.367439839574656
982.619,0.346064248007829
982.953,0.371157999024004
983.286,0.357953177605126
983.62,0.357524747709728
983.953,0.352046965475709
984.287,0.363905292937622
984.62,0.34826760175559
984.954,0.371341611836317
985.287,0.388203388433772
985.621,0.361686638122167
985.954,0.337908778927572
986.287,0.366797194731559
986.621,0.370071623217816
986.954,0.366781893663866
987.288,0.368526215380844
987.621,0.393023224757001
987.954,0.37343785811023
988.288,0.392365278846211
988.621,0.367730559860819
988.956,0.389580484526123
989.29,0.366781893663866
989.623,0.371770041731716
989.956,0.405998530160486
990.29,0.371341611836317
990.623,0.383490659584393
990.957,0.387208819033741
991.29,0.392793708741609
991.624,0.385173777030599
991.957,0.375977835347233
992.29,0.390819871009239
992.624,0.418453599262417
992.957,0.386367260310637
993.291,0.385678712264462
993.624,0.387499539319904
993.957,0.393574063193941
994.291,0.413526655465339
994.624,0.442522178743176
994.958,0.420259125250167
995.291,0.384439325781346
995.625,0.419478770797834
995.958,0.397307523710982
996.292,0.436279343124518
996.625,0.438421492601508
996.959,0.409716689609834
997.292,0.423579456939502
997.626,0.42318162917949
997.959,0.400413640452618
998.293,0.421743328816367
998.626,0.436524160207602
998.961,0.406013831228179
999.295,0.418422997127032
999.628,0.447005391577163
999.962,0.440089308980022
1000.295,0.459032030783696
1000.629,0.430572044875107
1000.962,0.428215680450417
1001.296,0.445199865589414
1001.629,0.440884964500047
1001.963,0.440288222860029
1002.296,0.455971817245138
1002.63,0.423518252668731
1002.963,0.418009868299327
1003.297,0.422171758711765
1003.63,0.440119911115408
1003.964,0.454763032897408
1004.297,0.430403733130486
1004.63,0.422370672591772
1004.964,0.405080466098919
1005.298,0.433433344533659
1005.631,0.405371186385082
1005.964,0.420106114573239
1006.298,0.396297653243258
1006.631,0.420412135927095
1006.965,0.372718707928669
1007.298,0.447311412931019
1007.632,0.400826769280324
1007.965,0.393359848246242
1008.299,0.394201406969346
1008.632,0.40964018427137
1008.966,0.438513299007665
1009.301,0.440869663432355
1009.634,0.442001942441621
1009.968,0.422890908893327
1010.301,0.422049350170223
1010.635,0.438452094736894
1010.968,0.411506914529891
1011.302,0.456155430057452
1011.635,0.464892339710035
1011.969,0.453753162429684
1012.302,0.459842987371414
1012.636,0.459414557476016
1012.969,0.4793977518828
1013.302,0.443516748143207
1013.636,0.459720578829872
1013.969,0.435896816432198
1014.303,0.459475761746787
1014.636,0.468610499159383
1014.97,0.462168749660718
1015.303,0.452299560998869
1015.636,0.459032030783696
1015.97,0.464463909814637
1016.303,0.45356954961737
1016.636,0.479458956153571
1016.97,0.443409640669358
1017.303,0.424191499647214
1017.637,0.447143101186398
1017.97,0.461036470651452
1018.304,0.437029095441464
1018.637,0.484033975393715
1018.971,0.472894798113364
1019.304,0.441374598666217
1019.639,0.449438261340317
1019.972,0.465152457860812
1020.306,0.444496016475546
1020.639,0.492265949812436
1020.973,0.467570026556273
1021.306,0.499595161237282
1021.64,0.452773894097345
1021.974,0.423334639856417
1022.307,0.447785746029496
1022.641,0.43256118367517
1022.974,0.449392358137239
1023.307,0.477194398135038
1023.641,0.467952553248593
1023.974,0.454242796595853
1024.308,0.453309431466593
1024.641,0.442047845644699
1024.975,0.444251199392461
1025.308,0.41452122486537
1025.642,0.42532377865648
1025.975,0.41172112947759
1026.309,0.422890908893327
1026.642,0.404820347948142
1026.976,0.403580961465026
1027.31,0.416999997831602
1027.643,0.389503979187659
1027.976,0.386045937889088
1028.31,0.37118860115939
1028.643,0.41341954799149
1028.977,0.402418080320374
1029.31,0.393681170667791
1029.645,0.411323301717577
1029.978,0.406518766462041
1030.312,0.413817375751502
1030.645,0.398149082434085
1030.979,0.40908934583443
1031.312,0.413939784293044
1031.646,0.416724578613132
1031.979,0.403076026231164
1032.313,0.426547864071903
1032.646,0.407299120914374
1032.98,0.405355885317389
1033.313,0.402387478184988
1033.647,0.446102628583289
1033.98,0.438513299007665
1034.314,0.423839575090279
1034.647,0.391401311581565
1034.981,0.433785269090593
1035.314,0.410803065416023
1035.648,0.416938793560831
1035.981,0.456033021515909
1036.315,0.410038012031383
1036.648,0.437411622133784
1036.981,0.410527646197552
1037.315,0.429837593625853
1037.648,0.43404538724137
1037.982,0.429516271204305
1038.315,0.446791176629464
1038.649,0.409303560782129
1038.982,0.423135725976411
1039.316,0.425354380791866
1039.65,0.416617471139283
1039.984,0.437472826404555
1040.317,0.442262060592398
1040.651,0.4093647650529
1040.984,0.436768977290687
1041.318,0.424436316730298
1041.651,0.434091290444449
1041.985,0.431199388650511
1042.318,0.402571090997302
1042.652,0.402418080320374
1042.985,0.425675703213414
1043.319,0.405891422686637
1043.652,0.435621397213728
1043.986,0.427465928133471
1044.319,0.413572558668417
1044.653,0.418484201397803
1044.986,0.408278389246712
1045.319,0.418392394991646
1045.653,0.410160420572925
1045.986,0.416372654056198
1046.32,0.418989136631665
1046.653,0.458787213700612
1046.987,0.428537002871966
1047.32,0.408385496720562
1047.654,0.412593290336079
1047.987,0.413847977886888
1048.321,0.433173226382881
1048.654,0.423977284699515
1048.988,0.422768500351784
1049.321,0.460500933282204
1049.656,0.42982229255816
1049.99,0.430067109641245
1050.323,0.419800093219383
1050.657,0.431122883312047
1050.99,0.42006021137016
1051.323,0.39839389951717
1051.657,0.414016289631508
1051.99,0.407039002763596
1052.324,0.420396834859402
1052.657,0.413251236246869
1052.991,0.404468423391208
1053.324,0.395119471030913
1053.658,0.431673721748988
1053.991,0.42861350821043
1054.325,0.443241328924737
1054.658,0.400138221234148
1054.992,0.425262574385709
1055.325,0.411461011326813
1055.659,0.433616957345972
1055.992,0.42411499430875
1056.326,0.437518729607634
1056.659,0.42954687333969
1056.993,0.400704360738781
1057.326,0.439905696167709
1057.66,0.444603123949395
1057.993,0.454120388054311
1058.327,0.430908668364348
1058.66,0.452299560998869
1058.993,0.469620369627107
1059.327,0.442093748847778
1059.662,0.449637175220323
1059.996,0.443027113977038
1060.329,0.472558174624122
1060.663,0.459307450002166
1060.996,0.447724541758725
1061.329,0.487767435910756
1061.663,0.441680620020072
1061.996,0.458986127580618
1062.33,0.450708249958819
1062.663,0.456354343937458
1062.997,0.48680346864611
1063.33,0.453355334669671
1063.663,0.488700801040016
1063.997,0.449101637851076
1064.33,0.476720065036561
1064.664,0.47835727927969
1064.997,0.471762519104097
1065.331,0.438038965909189
1065.664,0.459246245731395
1065.997,0.467187499863953
1066.331,0.462811394503815
1066.664,0.462321760337646
1066.997,0.484523609559884
1067.331,0.463285727602292
1067.664,0.472619378894894
1067.998,0.449422960272624
1068.331,0.454625323288173
1068.665,0.468120864993213
1068.998,0.469023627987088
1069.332,0.480897256516693
1069.667,0.450983669177289
1070,0.46558088775621
1070.334,0.458481192346756
1070.667,0.470217111267126
1071.001,0.464356802340787
1071.334,0.424421015662605
1071.668,0.457394816540568
1072.001,0.471104573193307
1072.335,0.46108237385453
1072.668,0.436371149530674
1073.002,0.440196416453872
1073.335,0.447433821472561
1073.669,0.427037498238073
1074.002,0.437426923201477
1074.335,0.450922464906518
1074.669,0.457042891983634
1075.002,0.424788241287232
1075.336,0.438038965909189
1075.669,0.442170254186242
1076.003,0.418331190720875
1076.336,0.431260592921283
1076.67,0.430051808573552
1077.003,0.403688068938875
1077.337,0.437656439216869
1077.67,0.424130295376442
1078.004,0.429087841308906
1078.337,0.444021683377069
1078.671,0.426211240582662
1079.004,0.4452304677248
1079.338,0.483421932686003
1079.673,0.412394376456073
1080.006,0.434565623542925
1080.34,0.401790736544969
1080.673,0.453875570971226
1081.007,0.448826218632605
1081.34,0.432545882607477
1081.674,0.533043295213721
1082.007,4.73063109857985
1082.341,7.13147572705243
1082.674,7.61124070455985
1083.007,7.97630887864213
1083.341,8.26176559751881
1083.675,8.38920819033206
1084.008,8.52742273480103
1084.341,8.56050364315284
1084.675,8.69963625168338
1085.008,8.68917032138151
1085.342,8.558055472322
1085.675,8.36224770905736
1086.009,8.31190719634809
1086.342,8.15920254077404
1086.675,8.05475745270306
1087.009,7.99086019401797
1087.342,7.70801995771675
1087.675,7.69711029645179
1088.009,7.42726066662175
1088.342,7.37563486422627
1088.676,7.15265240473925
1089.009,7.20655806622095
1089.343,7.06177936371177
1089.676,6.86832796487183
1090.011,6.85741830360687
1090.344,6.77444061350887
1090.678,6.64900246056338
1091.012,6.78054573951829
1091.345,6.578495140635
1091.678,6.58043837623198
1092.012,6.45429637417262
1092.345,6.46811323829921
1092.679,6.35788434664035
1093.012,6.2187976413129
1093.346,6.12821532057158
1093.679,6.22992151752555
1094.013,6.20802568965717
1094.346,5.91758082271263
1094.68,5.70235600454585
1095.013,5.62194889382024
1095.347,5.14548894693446
1095.68,4.67886758657514
1096.014,4.2241657579485
1096.347,3.92247460624976
1096.681,3.75307648582289
1097.014,3.51999532165862
1097.348,3.15062754755467
1097.681,2.84870687984054
1098.014,2.35468130724343
1098.348,1.8770431781453
1098.681,1.5264804162358
1099.015,1.22908886455873
1099.348,0.989581251963492
1099.682,0.905685497803925
1100.015,0.84071716438034
1100.35,0.786291266597086
1100.684,0.795242391197368
1101.017,0.722317502573532
1101.351,0.661832381983933
1101.684,0.663393090888598
1102.018,0.703405382905243
1102.351,0.65112163459898
1102.685,0.62325839033041
1103.018,0.646561916426529
1103.352,0.635912373312347
1103.685,0.619402521271827
1104.019,0.607360580997601
1104.352,0.599985466369677
1104.686,0.629042193918285
1105.019,0.595792973821852
1105.353,0.613266793127018
1105.686,0.572520049861119
1106.019,0.565053128827037
1106.353,0.565940590753219
1106.686,0.590529406535532
1107.02,0.55755560565757
1107.353,0.565313246977815
1107.687,0.585862580889231
1108.02,0.560539313857664
1108.354,0.55672934800216
1108.687,0.583077786569144
1109.021,0.545605471789501
1109.354,0.542621763589407
1109.688,0.542468752912479
1110.021,0.538949507343138
1110.356,0.54554426751873
1110.689,0.542805376401721
1111.023,0.514819723591608
1111.356,0.556637541596003
1111.69,0.537648916589251
1112.023,0.520297505825627
1112.356,0.519042818274818
1112.69,0.529325135764373
1113.023,0.550379404909652
1113.357,0.509280737086818
1113.69,0.529386340035144
1114.024,0.552842876808191
1114.357,0.497973248061846
1114.69,0.520190398351777
1115.024,0.5313907799029
1115.357,0.524275783425752
1115.691,0.489159833070799
1116.024,0.527397201235081
1116.358,0.549507244051163
1116.691,0.508362673025251
1117.024,0.513763949920806
1117.358,0.496764463714116
1117.691,0.501125268006561
1118.025,0.506587749172887
1118.358,0.481677610969025
1118.692,0.494698819575589
1119.025,0.493979669394028
1119.359,0.499457451628047
1119.692,0.523724944988812
1120.026,0.521965322204141
1120.361,0.503114406806624
1120.694,0.494836529184825
1121.028,0.496473743427953
1121.361,0.500559128501928
1121.695,0.534450993441458
1122.028,0.49431629288327
1122.362,0.524811320795
1122.695,0.501553697901959
1123.029,0.519593656711759
1123.362,0.510214102216078
1123.695,0.512754079453081
1124.029,0.540464313044724
1124.363,0.567011665491714
1124.696,0.534236778493758
1125.03,0.506970275865207
1125.363,0.507398705760605
1125.696,0.548466771448053
1126.03,0.501370085089646
1126.364,0.516655851714743
1126.697,0.496810366917194
1127.03,0.503833556988185
1127.364,0.508546285837564
1127.697,0.474103582461094
1128.031,0.504568008237439
1128.364,0.46897772478401
1128.698,0.515798991923947
1129.031,0.495387367621765
1129.365,0.526693352121213
1129.698,0.48998609072621
1130.032,0.521353279496429
1130.367,0.519930280201
1130.7,0.487537919895364
1131.034,0.501186472277332
1131.367,0.511560596173044
1131.701,0.500880450923477
1132.034,0.531237769225972
1132.368,0.516227421819345
1132.701,0.516074411142417
1133.035,0.485181555470674
1133.368,0.533563531515276
1133.701,0.512754079453081
1134.035,0.50885230719142
1134.368,0.498921914258799
1134.701,0.511851316459207
1135.035,0.482733384639828
1135.368,0.529539350712072
1135.702,0.50649594276673
1136.035,0.531329575632128
1136.369,0.530656328653646
1136.702,0.509188930680661
1137.036,0.522760977724166
1137.369,0.545789084601815
1137.703,0.505164749877458
1138.036,0.574952919624272
1138.37,0.554434187848241
1138.703,0.558519572922216
1139.036,0.581700690476793
1139.37,0.585480054196912
1139.703,0.566797450544015
1140.037,0.587025462033884
1140.372,0.555199241232881
1140.705,0.594859608692592
1141.038,0.600781121889702
1141.372,0.610038267843839
1141.705,0.67618478347977
1142.039,1.19617626795154
1142.372,1.49552635629328
1142.706,1.4872025754684
1143.039,1.237642161399
1143.373,1.25326455151334
1143.706,1.20618316622263
1144.04,1.22910416562642
1144.373,1.17498428919703
1144.707,1.28331584846198
1145.04,1.26822899571689
1145.374,1.26115990244282
1145.707,1.19717083735157
1146.04,1.19525820388997
1146.374,1.20350547937639
1146.707,1.16713484147063
1147.041,1.19062198037906
1147.374,1.11927310172758
1147.708,1.12340439000463
1148.041,1.12039007966915
1148.375,1.10519611945021
1148.708,1.15239991328247
1149.041,1.14442805701453
1149.375,1.15749516882417
1149.708,1.12363390602002
1150.042,1.10085061622546
1150.375,1.1039567329671
1150.71,1.10772079561952
1151.044,1.08288716275412
1151.377,1.10355890520708
1151.711,1.11466748035205
1152.044,1.0846467855388
1152.377,1.08212210936949
1152.711,1.05393754267937
1153.044,1.08504461329881
1153.378,1.04116115115589
1153.711,1.04737338463916
1154.045,1.06163397972884
1154.378,1.09274105034828
1154.711,1.03202641374329
1155.045,1.06074651780266
1155.378,1.05825244376873
1155.712,1.04273716112824
1156.046,1.05032649070387
1156.379,1.05109154408851
1156.712,1.06518382743357
1157.046,1.0731862858369
1157.379,1.03834575470041
1157.713,1.03421446642336
1158.046,1.03083293046325
1158.379,0.993008691126677
1158.713,1.0190664094075
1159.046,0.994783614979041
1159.38,0.988938607120395
1159.713,1.00919722074565
1160.047,1.02279986992454
1160.38,0.996405528154477
1160.714,1.01262465990883
1161.049,0.997736721043749
1161.382,0.932798989755549
1161.716,0.968435176412057
1162.049,0.920267415315154
1162.383,0.947166692319079
1162.716,0.958780202697906
1163.05,0.992427250554351
1163.383,0.956087214783975
1163.717,0.971311777138301
1164.05,0.948298971328345
1164.383,0.934053677306358
1164.717,0.951297980596132
1165.05,0.944412500134377
1165.384,0.941398189798897
1165.717,0.908424388920935
1166.051,0.955888300903969
1166.384,0.91250977399491
1166.718,0.937266901521844
1167.051,0.975794989972289
1167.384,0.920757049481323
1167.718,0.900865661480697
1168.051,0.885442185246364
1168.385,0.926755068016897
1168.718,0.853784276189982
1169.052,0.894224998102026
1169.385,0.861649024984076
1169.718,0.907842948348609
1170.052,0.907506324859367
1170.385,0.913305429514935
1170.719,0.886895786677179
1171.054,0.86688199013501
1171.387,0.881326198037004
1171.721,0.883621358190922
1172.054,0.906725970407035
1172.387,0.909418958320966
1172.721,0.901737822339186
1173.054,0.926923379761518
1173.388,0.905685497803925
1173.721,0.860883971599437
1174.055,0.916120825970408
1174.388,0.908118367567079
1174.722,0.884554723320183
1175.055,0.903206724837693
1175.389,0.891868633677336
1175.722,0.845552301771261
1176.056,0.896260040105167
1176.389,0.88256558452012
1176.722,0.853738372986904
1177.056,0.871900740338245
1177.389,0.828399804887644
1177.723,0.873400244972139
1178.056,0.849698891116007
1178.39,0.877546834316885
1178.723,0.881846434338559
1179.057,0.825844526582948
1179.39,0.8675399360458
1179.724,0.900131210231443
1180.057,0.922945102161392
1180.391,0.881372101240082
1180.725,0.881831133270866
1181.059,0.91870670641049
1181.393,0.881127284156998
1181.726,0.832301577149305
1182.06,0.881219090563154
1182.393,0.824849957182917
1182.727,0.860394337433267
1183.06,0.865443689771888
1183.394,0.841007884666503
1183.727,0.840196928078785
1184.061,0.887691442197205
1184.394,0.836754187847907
1184.728,0.8660557324796
1185.061,0.850448643432954
1185.395,0.887859753941825
1185.728,0.882075950353951
1186.062,0.861266498291756
1186.395,0.849010343069832
1186.729,0.879291156033863
1187.062,0.906940185354734
1187.396,0.85009671887602
1187.729,0.817780863908848
1188.063,0.895097158960515
1188.396,0.890690451464991
1188.729,0.838819831986434
1189.063,0.847816859789794
1189.396,0.901064575360703
1189.73,0.829792202047688
1190.063,0.84269100211271
1190.397,0.834765049047844
1190.73,0.861373605765606
1191.065,0.844481227032766
1191.399,0.878510801581531
1191.732,0.814965467453374
1192.066,0.849132751611374
1192.399,0.830526653296942
1192.732,0.83112339493696
1193.066,0.851045385072973
1193.399,0.816235456071876
1193.733,0.810482254619387
1194.066,0.828200891007637
1194.399,0.844726044115851
1194.733,0.878495500513838
1195.067,0.836647080374057
1195.4,0.8287058262415
1195.733,0.853998491137681
1196.067,0.834963962927851
1196.4,0.806197955665406
1196.734,0.84005921846955
1197.067,0.804514838219199
1197.401,0.819953615521224
1197.734,0.863010820008734
1198.068,0.84445062489738
1198.401,0.8236105706998
1198.735,0.807529148554678
1199.068,0.789764608963349
1199.402,0.825951634056797
1199.735,0.812716210502534
1200.069,0.789045458781788
1200.402,0.777875679366052
1200.736,0.808936846782415
1201.071,0.833954092460126
1201.404,0.799664399760584
